Player;Link;;
Abramowicz Dawid;https://fantasy.ekstraklasa.org/player/1524;33;1524
Adamczyk Hubert;https://fantasy.ekstraklasa.org/player/15;33;15
Alomerović Zlatan;https://fantasy.ekstraklasa.org/player/724;33;724
Alves Tiago;https://fantasy.ekstraklasa.org/player/1309;33;1309
Ambrosiewicz Maciej;https://fantasy.ekstraklasa.org/player/664;33;664
Angielski Karol;https://fantasy.ekstraklasa.org/player/722;33;722
Antolić Domagoj;https://fantasy.ekstraklasa.org/player/785;33;785
Arak Jakub;https://fantasy.ekstraklasa.org/player/1004;33;1004
Arsenić Zoran;https://fantasy.ekstraklasa.org/player/692;33;692
Astiz Iñaki;https://fantasy.ekstraklasa.org/player/753;33;753
Augustyn Błażej;https://fantasy.ekstraklasa.org/player/749;33;749
Awaed Mohammed;https://fantasy.ekstraklasa.org/player/1543;33;1543
Badía Gerard;https://fantasy.ekstraklasa.org/player/236;33;236
Bainović Filip;https://fantasy.ekstraklasa.org/player/1191;33;1191
Bajorek Bartosz;https://fantasy.ekstraklasa.org/player/1448;33;1448
Balcewicz Filip;https://fantasy.ekstraklasa.org/player/1482;33;1482
Balić Saša;https://fantasy.ekstraklasa.org/player/745;33;745
Bargiel Przemysław;https://fantasy.ekstraklasa.org/player/289;33;289
Bartkowski Jakub;https://fantasy.ekstraklasa.org/player/553;33;553
Bartl Daniel;https://fantasy.ekstraklasa.org/player/1262;33;1262
Bartolewski Mateusz;https://fantasy.ekstraklasa.org/player/1505;33;1505
Basha Vullnet;https://fantasy.ekstraklasa.org/player/752;33;752
Baszkirow Jewgienij;https://fantasy.ekstraklasa.org/player/1375;33;1375
Baszłaj Dmytro;https://fantasy.ekstraklasa.org/player/1412;33;1412
Batelt Michał;https://fantasy.ekstraklasa.org/player/1413;33;1413
Bator Jakub;https://fantasy.ekstraklasa.org/player/1395;33;1395
Bała Tomasz;https://fantasy.ekstraklasa.org/player/1405;33;1405
Bednarczyk Jakub;https://fantasy.ekstraklasa.org/player/1537;33;1537
Bednarek Filip;https://fantasy.ekstraklasa.org/player/1389;33;1389
Benedyczak Adrian;https://fantasy.ekstraklasa.org/player/858;33;858
Bergier Sebastian;https://fantasy.ekstraklasa.org/player/774;33;774
Bećiraj Fatos;https://fantasy.ekstraklasa.org/player/1496;33;1496
Białek Bartosz;https://fantasy.ekstraklasa.org/player/1324;33;1324
Bida Bartosz;https://fantasy.ekstraklasa.org/player/810;33;810
Bielica Daniel;https://fantasy.ekstraklasa.org/player/1517;33;1517
Bielikow Kamil;https://fantasy.ekstraklasa.org/player/1538;33;1538
Bielák Lukáš;https://fantasy.ekstraklasa.org/player/1436;33;1436
Bieroński Jakub;https://fantasy.ekstraklasa.org/player/1419;33;1419
Biliński Kamil;https://fantasy.ekstraklasa.org/player/325;33;325
Bochniewicz Paweł;https://fantasy.ekstraklasa.org/player/799;33;799
Boczek Tomasz;https://fantasy.ekstraklasa.org/player/1451;33;1451
Bodzioch Mateusz;https://fantasy.ekstraklasa.org/player/1437;33;1437
Boguski Rafał;https://fantasy.ekstraklasa.org/player/365;33;365
Bohar Damjan;https://fantasy.ekstraklasa.org/player/1044;33;1044
Borkała Remigiusz;https://fantasy.ekstraklasa.org/player/1242;33;1242
Bortniczuk Maciej;https://fantasy.ekstraklasa.org/player/1515;33;1515
Boruc Artur;https://fantasy.ekstraklasa.org/player/1478;33;1478
Boruń Bartosz;https://fantasy.ekstraklasa.org/player/1274;33;1274
Borysiuk Ariel;https://fantasy.ekstraklasa.org/player/548;33;548
Broda Kamil;https://fantasy.ekstraklasa.org/player/1277;33;1277
Brown Forbes Felicio;https://fantasy.ekstraklasa.org/player/1061;33;1061
Buchalik Michał;https://fantasy.ekstraklasa.org/player/351;33;351
Buchanelli Holz Conrado;https://fantasy.ekstraklasa.org/player/1334;33;1334
Buksa Aleksander;https://fantasy.ekstraklasa.org/player/1146;33;1146
Burliga Łukasz;https://fantasy.ekstraklasa.org/player/58;33;58
Bursztyn Jakub;https://fantasy.ekstraklasa.org/player/712;33;712
Butko Bohdan;https://fantasy.ekstraklasa.org/player/1370;33;1370
Bödvarsson Bödvar;https://fantasy.ekstraklasa.org/player/833;33;833
Bąkowski Krzysztof;https://fantasy.ekstraklasa.org/player/1476;33;1476
Błaszczykowski Jakub;https://fantasy.ekstraklasa.org/player/1142;33;1142
Błyszko Wojciech;https://fantasy.ekstraklasa.org/player/1328;33;1328
Cabrera Airam;https://fantasy.ekstraklasa.org/player/1082;33;1082
Cebula Marcin;https://fantasy.ekstraklasa.org/player/111;33;111
Cegiełka Mateusz;https://fantasy.ekstraklasa.org/player/1215;33;1215
Celeban Piotr;https://fantasy.ekstraklasa.org/player/307;33;307
Chmielowiec Mateusz;https://fantasy.ekstraklasa.org/player/1443;33;1443
Chodyna Kacper;https://fantasy.ekstraklasa.org/player/1360;33;1360
Cholewiak Mateusz;https://fantasy.ekstraklasa.org/player/851;33;851
Chrapek Michał;https://fantasy.ekstraklasa.org/player/171;33;171
Chuca Victor;https://fantasy.ekstraklasa.org/player/1307;33;1307
Chudý Martin;https://fantasy.ekstraklasa.org/player/1105;33;1105
Cibicki Paweł;https://fantasy.ekstraklasa.org/player/1339;33;1339
Cichoń Kacper;https://fantasy.ekstraklasa.org/player/1485;33;1485
Cielemęcki Radosław;https://fantasy.ekstraklasa.org/player/1402;33;1402
Cierzniak Radosław;https://fantasy.ekstraklasa.org/player/191;33;191
Cotugno Guillermo;https://fantasy.ekstraklasa.org/player/1349;33;1349
Crnomarković Đorđe;https://fantasy.ekstraklasa.org/player/1208;33;1208
Czerwiński Alan;https://fantasy.ekstraklasa.org/player/698;33;698
Czerwiński Jakub;https://fantasy.ekstraklasa.org/player/256;33;256
Czorbadżijski Bożidar;https://fantasy.ekstraklasa.org/player/1560;33;1560
Czyżycki Mateusz;https://fantasy.ekstraklasa.org/player/1457;33;1457
Cámara Juan;https://fantasy.ekstraklasa.org/player/1070;33;1070
Dadok Robert;https://fantasy.ekstraklasa.org/player/1444;33;1444
Danielak Karol;https://fantasy.ekstraklasa.org/player/976;33;976
Dejewski Tomasz;https://fantasy.ekstraklasa.org/player/137;33;137
Dimun Milan;https://fantasy.ekstraklasa.org/player/21;33;21
Domański Maciej;https://fantasy.ekstraklasa.org/player/1263;33;1263
Drabik Patryk;https://fantasy.ekstraklasa.org/player/1420;33;1420
Dražić Dejan;https://fantasy.ekstraklasa.org/player/1376;33;1376
Drygas Kamil;https://fantasy.ekstraklasa.org/player/269;33;269
Duda Kacper;https://fantasy.ekstraklasa.org/player/1494;33;1494
Duda Mateusz;https://fantasy.ekstraklasa.org/player/1497;33;1497
Dudek Mateusz;https://fantasy.ekstraklasa.org/player/1433;33;1433
Dudziński Daniel;https://fantasy.ekstraklasa.org/player/1283;33;1283
Dybowski Karol;https://fantasy.ekstraklasa.org/player/789;33;789
Dymerski Filip;https://fantasy.ekstraklasa.org/player/1174;33;1174
Dytiatjew Ołeksij;https://fantasy.ekstraklasa.org/player/740;33;740
Dziekoński Xavier;https://fantasy.ekstraklasa.org/player/1400;33;1400
Dąbrowski Damian;https://fantasy.ekstraklasa.org/player/20;33;20
Evangélou Stéfanos;https://fantasy.ekstraklasa.org/player/1558;33;1558
Expósito Erik;https://fantasy.ekstraklasa.org/player/1276;33;1276
Ferraresso Diego;https://fantasy.ekstraklasa.org/player/479;33;479
Ferreira Júnior Rivaldo;https://fantasy.ekstraklasa.org/player/1518;33;1518
Ferreira Vinícius;https://fantasy.ekstraklasa.org/player/1083;33;1083
Ferreiroa Fernán;https://fantasy.ekstraklasa.org/player/1551;33;1551
Fiedosewicz Nikodem;https://fantasy.ekstraklasa.org/player/1458;33;1458
Figiel Rafał;https://fantasy.ekstraklasa.org/player/1421;33;1421
Fila Karol;https://fantasy.ekstraklasa.org/player/1005;33;1005
Fiolić Ivan;https://fantasy.ekstraklasa.org/player/1356;33;1356
Flis Marcin;https://fantasy.ekstraklasa.org/player/239;33;239
Forenc Konrad;https://fantasy.ekstraklasa.org/player/381;33;381
Fornalczyk Mariusz;https://fantasy.ekstraklasa.org/player/1529;33;1529
Forsell Petteri;https://fantasy.ekstraklasa.org/player/934;33;934
Frelek Dominik;https://fantasy.ekstraklasa.org/player/1530;33;1530
Frydrych Michal;https://fantasy.ekstraklasa.org/player/1549;33;1549
Frączczak Adam;https://fantasy.ekstraklasa.org/player/258;33;258
Gach Kacper;https://fantasy.ekstraklasa.org/player/1414;33;1414
Gajos Maciej;https://fantasy.ekstraklasa.org/player/145;33;145
García Ángel;https://fantasy.ekstraklasa.org/player/1124;33;1124
Gardawski Michael;https://fantasy.ekstraklasa.org/player/729;33;729
Gerbowski Fryderyk;https://fantasy.ekstraklasa.org/player/1498;33;1498
Getinger Krystian;https://fantasy.ekstraklasa.org/player/1438;33;1438
Gjertsen Torgil;https://fantasy.ekstraklasa.org/player/1344;33;1344
Gliwa Michał;https://fantasy.ekstraklasa.org/player/630;33;630
Golla Wojciech;https://fantasy.ekstraklasa.org/player/1019;33;1019
Gorgon Alexander;https://fantasy.ekstraklasa.org/player/1486;33;1486
Gostomski Hubert;https://fantasy.ekstraklasa.org/player/1377;33;1377
Grabowski Marcin;https://fantasy.ekstraklasa.org/player/1024;33;1024
Gradecki Bartłomiej;https://fantasy.ekstraklasa.org/player/1509;33;1509
Grudziński Mateusz;https://fantasy.ekstraklasa.org/player/1409;33;1409
Gruszkowski Konrad;https://fantasy.ekstraklasa.org/player/1528;33;1528
Gryszkiewicz Adrian;https://fantasy.ekstraklasa.org/player/844;33;844
Grzesik Jan;https://fantasy.ekstraklasa.org/player/1225;33;1225
Guldan Ľubomír;https://fantasy.ekstraklasa.org/player/387;33;387
Gumny Robert;https://fantasy.ekstraklasa.org/player/138;33;138
Gut Jakub;https://fantasy.ekstraklasa.org/player/1536;33;1536
Gutkovskis Vladislavs;https://fantasy.ekstraklasa.org/player/346;33;346
Gutowski Konrad;https://fantasy.ekstraklasa.org/player/1556;33;1556
Gwilia Walerian;https://fantasy.ekstraklasa.org/player/1106;33;1106
Gąska Damian;https://fantasy.ekstraklasa.org/player/1018;33;1018
Hajda Wojciech;https://fantasy.ekstraklasa.org/player/807;33;807
Hanca Sergiu;https://fantasy.ekstraklasa.org/player/1103;33;1103
Handzlik Konrad;https://fantasy.ekstraklasa.org/player/208;33;208
Haydary Omran;https://fantasy.ekstraklasa.org/player/1365;33;1365
Helik Michał;https://fantasy.ekstraklasa.org/player/284;33;284
Holúbek Jakub;https://fantasy.ekstraklasa.org/player/1243;33;1243
Hostikka Santeri;https://fantasy.ekstraklasa.org/player/1095;33;1095
Hoyo-Kowalski Daniel;https://fantasy.ekstraklasa.org/player/1170;33;1170
Hołownia Mateusz;https://fantasy.ekstraklasa.org/player/1008;33;1008
Hroššo Lukáš;https://fantasy.ekstraklasa.org/player/1138;33;1138
Huk Tomáš;https://fantasy.ekstraklasa.org/player/1241;33;1241
Hyjek Javier Ajenjo;https://fantasy.ekstraklasa.org/player/1481;33;1481
Hładun Dominik;https://fantasy.ekstraklasa.org/player/382;33;382
Iliev Dejan;https://fantasy.ekstraklasa.org/player/1333;33;1333
Imaz Jesús;https://fantasy.ekstraklasa.org/player/765;33;765
Ishak Mikael;https://fantasy.ekstraklasa.org/player/1475;33;1475
Ivanov Robert;https://fantasy.ekstraklasa.org/player/1535;33;1535
Jablonský David;https://fantasy.ekstraklasa.org/player/1183;33;1183
Jagiełło Aleksander;https://fantasy.ekstraklasa.org/player/683;33;683
Jakóbowski Michał;https://fantasy.ekstraklasa.org/player/1460;33;1460
Janasik Patryk;https://fantasy.ekstraklasa.org/player/1491;33;1491
Janicki Rafał;https://fantasy.ekstraklasa.org/player/166;33;166
Janicki Robert;https://fantasy.ekstraklasa.org/player/1461;33;1461
Janža Erik;https://fantasy.ekstraklasa.org/player/1192;33;1192
Jaroch Bartosz;https://fantasy.ekstraklasa.org/player/1415;33;1415
Jaroch Gracjan;https://fantasy.ekstraklasa.org/player/1466;33;1466
Jimenez Jesus;https://fantasy.ekstraklasa.org/player/987;33;987
Jirka Erik;https://fantasy.ekstraklasa.org/player/1332;33;1332
Jodłowiec Tomasz;https://fantasy.ekstraklasa.org/player/209;33;209
Jończy Dominik;https://fantasy.ekstraklasa.org/player/581;33;581
Juranović Josip;https://fantasy.ekstraklasa.org/player/1479;33;1479
Jóźwiak Kamil;https://fantasy.ekstraklasa.org/player/147;33;147
Jędrzejczyk Artur;https://fantasy.ekstraklasa.org/player/535;33;535
Kaczarawa Nika;https://fantasy.ekstraklasa.org/player/636;33;636
Kaczmarek Mateusz;https://fantasy.ekstraklasa.org/player/1396;33;1396
Kadlec Andrej;https://fantasy.ekstraklasa.org/player/1107;33;1107
Kalenik Oskar;https://fantasy.ekstraklasa.org/player/1487;33;1487
Kalinowski Dominik;https://fantasy.ekstraklasa.org/player/1346;33;1346
Kamiński Jakub;https://fantasy.ekstraklasa.org/player/1210;33;1210
Kamiński Krzysztof;https://fantasy.ekstraklasa.org/player/1358;33;1358
Kanach Radosław;https://fantasy.ekstraklasa.org/player/22;33;22
Kanté José;https://fantasy.ekstraklasa.org/player/469;33;469
Kapek Przemysław;https://fantasy.ekstraklasa.org/player/1394;33;1394
Kapustka Bartosz;https://fantasy.ekstraklasa.org/player/1521;33;1521
Karbownik Michał;https://fantasy.ekstraklasa.org/player/1143;33;1143
Kałuziński Jakub;https://fantasy.ekstraklasa.org/player/1382;33;1382
Kieliba Bartosz;https://fantasy.ekstraklasa.org/player/1452;33;1452
Kiełb Jakub;https://fantasy.ekstraklasa.org/player/1453;33;1453
Kirkeskov Mikkel;https://fantasy.ekstraklasa.org/player/847;33;847
Klemenz Lukas;https://fantasy.ekstraklasa.org/player/994;33;994
Klupś Tymoteusz;https://fantasy.ekstraklasa.org/player/846;33;846
Kobryń Rafał;https://fantasy.ekstraklasa.org/player/1294;33;1294
Kochalski Mateusz;https://fantasy.ekstraklasa.org/player/1384;33;1384
Kocsis Gergő;https://fantasy.ekstraklasa.org/player/1422;33;1422
Kocyła Dawid;https://fantasy.ekstraklasa.org/player/1345;33;1345
Koj Michał;https://fantasy.ekstraklasa.org/player/285;33;285
Komor Aleksander;https://fantasy.ekstraklasa.org/player/1416;33;1416
Konczkowski Martin;https://fantasy.ekstraklasa.org/player/286;33;286
Kondracki Kacper;https://fantasy.ekstraklasa.org/player/1499;33;1499
Kopacz Bartosz;https://fantasy.ekstraklasa.org/player/640;33;640
Kopczyński Michał;https://fantasy.ekstraklasa.org/player/210;33;210
Kostewycz Wołodymyr;https://fantasy.ekstraklasa.org/player/524;33;524
Kostorz Kacper;https://fantasy.ekstraklasa.org/player/1218;33;1218
Kotowicz Grzegorz;https://fantasy.ekstraklasa.org/player/1385;33;1385
Kowalczyk Sebastian;https://fantasy.ekstraklasa.org/player/580;33;580
Kozłowski Jan;https://fantasy.ekstraklasa.org/player/1439;33;1439
Kozłowski Kacper;https://fantasy.ekstraklasa.org/player/277;33;277
Kościelny Kamil;https://fantasy.ekstraklasa.org/player/1321;33;1321
Košťál Martin;https://fantasy.ekstraklasa.org/player/730;33;730
Kramarz Adam;https://fantasy.ekstraklasa.org/player/1445;33;1445
Krawczyk Piotr;https://fantasy.ekstraklasa.org/player/1193;33;1193
Kraweć Wasyl;https://fantasy.ekstraklasa.org/player/1547;33;1547
Kruk Kamil;https://fantasy.ekstraklasa.org/player/1393;33;1393
Kryeziu Egzon;https://fantasy.ekstraklasa.org/player/1366;33;1366
Krzysztofek Dariusz;https://fantasy.ekstraklasa.org/player/1248;33;1248
Krzyżak Oskar;https://fantasy.ekstraklasa.org/player/1257;33;1257
Królczyk Patryk;https://fantasy.ekstraklasa.org/player/1118;33;1118
Kubica Krzysztof;https://fantasy.ekstraklasa.org/player/988;33;988
Kubicki Jarosław;https://fantasy.ekstraklasa.org/player/395;33;395
Kucharczyk Michał;https://fantasy.ekstraklasa.org/player/211;33;211
Kuciak Dušan;https://fantasy.ekstraklasa.org/player/558;33;558
Kudła Dawid;https://fantasy.ekstraklasa.org/player/948;33;948
Kun Patryk;https://fantasy.ekstraklasa.org/player/701;33;701
Kupczak Mateusz;https://fantasy.ekstraklasa.org/player/340;33;340
Kuveljić Nikola;https://fantasy.ekstraklasa.org/player/1342;33;1342
Kuzdra Jakub;https://fantasy.ekstraklasa.org/player/1462;33;1462
Kuzimski Mateusz;https://fantasy.ekstraklasa.org/player/1520;33;1520
Lagator Dušan;https://fantasy.ekstraklasa.org/player/1512;33;1512
Laskowski Adrian;https://fantasy.ekstraklasa.org/player/1454;33;1454
Laskowski Filip;https://fantasy.ekstraklasa.org/player/1423;33;1423
Lederman Ben;https://fantasy.ekstraklasa.org/player/1373;33;1373
Lesniak Filip;https://fantasy.ekstraklasa.org/player/1500;33;1500
Leszczyński Arkadiusz;https://fantasy.ekstraklasa.org/player/1410;33;1410
Leszczyński Patryk;https://fantasy.ekstraklasa.org/player/1504;33;1504
Leszczyński Rafał;https://fantasy.ekstraklasa.org/player/1411;33;1411
Lewandowski Mateusz;https://fantasy.ekstraklasa.org/player/1501;33;1501
Lewczuk Igor;https://fantasy.ekstraklasa.org/player/200;33;200
Lewkot Szymon;https://fantasy.ekstraklasa.org/player/1550;33;1550
Lipski Patryk;https://fantasy.ekstraklasa.org/player/293;33;293
Lis Adrian;https://fantasy.ekstraklasa.org/player/1450;33;1450
Lis Mateusz;https://fantasy.ekstraklasa.org/player/1026;33;1026
Lisowski Wojciech;https://fantasy.ekstraklasa.org/player/1440;33;1440
Listkowski Marcin;https://fantasy.ekstraklasa.org/player/278;33;278
Lopes Rafael;https://fantasy.ekstraklasa.org/player/1189;33;1189
Loshaj Florian;https://fantasy.ekstraklasa.org/player/1330;33;1330
Lukoszek Kamil;https://fantasy.ekstraklasa.org/player/1471;33;1471
Luquinhas Lucas;https://fantasy.ekstraklasa.org/player/1285;33;1285
Lusiusz Sylwester;https://fantasy.ekstraklasa.org/player/757;33;757
López Huesca Rubén;https://fantasy.ekstraklasa.org/player/1190;33;1190
López Iván;https://fantasy.ekstraklasa.org/player/1539;33;1539
Majchrowicz Filip;https://fantasy.ekstraklasa.org/player/4;33;4
Mak Mateusz;https://fantasy.ekstraklasa.org/player/243;33;243
Mak Michał;https://fantasy.ekstraklasa.org/player/179;33;179
Makowski Rafał;https://fantasy.ekstraklasa.org/player/963;33;963
Makowski Tomasz;https://fantasy.ekstraklasa.org/player/1055;33;1055
Makuszewski Maciej;https://fantasy.ekstraklasa.org/player/150;33;150
Malarczyk Piotr;https://fantasy.ekstraklasa.org/player/501;33;501
Malec Mariusz;https://fantasy.ekstraklasa.org/player/1015;33;1015
Malenica Marko;https://fantasy.ekstraklasa.org/player/1511;33;1511
Malinowski Piotr;https://fantasy.ekstraklasa.org/player/1265;33;1265
Maloča Mario;https://fantasy.ekstraklasa.org/player/167;33;167
Mamić Petar;https://fantasy.ekstraklasa.org/player/1546;33;1546
Maniás Michális;https://fantasy.ekstraklasa.org/player/1253;33;1253
Manneh Alasana;https://fantasy.ekstraklasa.org/player/1300;33;1300
Marchwiński Filip;https://fantasy.ekstraklasa.org/player/1094;33;1094
Martins André;https://fantasy.ekstraklasa.org/player/1087;33;1087
Martín Iván;https://fantasy.ekstraklasa.org/player/1431;33;1431
Marzec Mateusz;https://fantasy.ekstraklasa.org/player/1424;33;1424
Mas Maciej;https://fantasy.ekstraklasa.org/player/1473;33;1473
Massoúras Giánnis;https://fantasy.ekstraklasa.org/player/1534;33;1534
Mata Luís;https://fantasy.ekstraklasa.org/player/1483;33;1483
Matras Mateusz;https://fantasy.ekstraklasa.org/player/272;33;272
Matynia Hubert;https://fantasy.ekstraklasa.org/player/260;33;260
Maćkowiak Mateusz;https://fantasy.ekstraklasa.org/player/1372;33;1372
Maćkowski Rafał;https://fantasy.ekstraklasa.org/player/818;33;818
Małek Filip;https://fantasy.ekstraklasa.org/player/1456;33;1456
Mehremić Adi;https://fantasy.ekstraklasa.org/player/1516;33;1516
Merebaszwili Giorgi;https://fantasy.ekstraklasa.org/player/487;33;487
Miakuszko Serhij;https://fantasy.ekstraklasa.org/player/1552;33;1552
Michalski Damian;https://fantasy.ekstraklasa.org/player/1280;33;1280
Michalski Kacper;https://fantasy.ekstraklasa.org/player/1037;33;1037
Mihalik Jaroslav;https://fantasy.ekstraklasa.org/player/532;33;532
Mikołajewski Daniel;https://fantasy.ekstraklasa.org/player/1006;33;1006
Milašius Titas;https://fantasy.ekstraklasa.org/player/1281;33;1281
Milewski Sebastian;https://fantasy.ekstraklasa.org/player/964;33;964
Miszta Cezary;https://fantasy.ekstraklasa.org/player/1217;33;1217
Mladenović Filip;https://fantasy.ekstraklasa.org/player/786;33;786
Mleczko Miłosz;https://fantasy.ekstraklasa.org/player/1206;33;1206
Modelski Filip;https://fantasy.ekstraklasa.org/player/1417;33;1417
Moder Jakub;https://fantasy.ekstraklasa.org/player/1211;33;1211
Mokwa Tomasz;https://fantasy.ekstraklasa.org/player/231;33;231
Moskiewicz Patryk;https://fantasy.ekstraklasa.org/player/1278;33;1278
Mosór Ariel;https://fantasy.ekstraklasa.org/player/1386;33;1386
Mroczko Szymon;https://fantasy.ekstraklasa.org/player/1418;33;1418
Mruk Bartłomiej;https://fantasy.ekstraklasa.org/player/1484;33;1484
Mráz Samuel;https://fantasy.ekstraklasa.org/player/1522;33;1522
Muhar Karlo;https://fantasy.ekstraklasa.org/player/1212;33;1212
Musiolik Sebastian;https://fantasy.ekstraklasa.org/player/1269;33;1269
Musonda Lubambo;https://fantasy.ekstraklasa.org/player/1137;33;1137
Muzyk Wojciech;https://fantasy.ekstraklasa.org/player/1289;33;1289
Mystkowski Przemysław;https://fantasy.ekstraklasa.org/player/81;33;81
Myszor Jakub;https://fantasy.ekstraklasa.org/player/1469;33;1469
Márquez Iván;https://fantasy.ekstraklasa.org/player/1072;33;1072
Mączyński Krzysztof;https://fantasy.ekstraklasa.org/player/371;33;371
Nalepa Michał;https://fantasy.ekstraklasa.org/player/681;33;681
Nawrocki Mikołaj;https://fantasy.ekstraklasa.org/player/996;33;996
Neugebauer Bartosz;https://fantasy.ekstraklasa.org/player/991;33;991
Niemczycki Karol;https://fantasy.ekstraklasa.org/player/23;33;23
Niepsuj David;https://fantasy.ekstraklasa.org/player/262;33;262
Niewiadomski Jakub;https://fantasy.ekstraklasa.org/player/1519;33;1519
Niewulis Andrzej;https://fantasy.ekstraklasa.org/player/1258;33;1258
Niski Nikodem;https://fantasy.ekstraklasa.org/player/1404;33;1404
Novikovas Arvydas;https://fantasy.ekstraklasa.org/player/528;33;528
Nowak Bartosz;https://fantasy.ekstraklasa.org/player/480;33;480
Nowak Tomasz;https://fantasy.ekstraklasa.org/player/967;33;967
Obradović Milan;https://fantasy.ekstraklasa.org/player/1554;33;1554
Oko Damian;https://fantasy.ekstraklasa.org/player/829;33;829
Olszewski Paweł;https://fantasy.ekstraklasa.org/player/63;33;63
Olszewski Sebastian;https://fantasy.ekstraklasa.org/player/1527;33;1527
Osyra Kornel;https://fantasy.ekstraklasa.org/player/927;33;927
Owczarek Piotr;https://fantasy.ekstraklasa.org/player/1541;33;1541
Oziębała Przemysław;https://fantasy.ekstraklasa.org/player/1387;33;1387
Ożóg Robert;https://fantasy.ekstraklasa.org/player/985;33;985
Paixao Flávio;https://fantasy.ekstraklasa.org/player/172;33;172
Pakulski Dawid;https://fantasy.ekstraklasa.org/player/831;33;831
Paluszek Aleksander;https://fantasy.ekstraklasa.org/player/1194;33;1194
Pankiewicz Szymon;https://fantasy.ekstraklasa.org/player/1561;33;1561
Papanikoláou Ioánnis;https://fantasy.ekstraklasa.org/player/1514;33;1514
Parzyszek Piotr;https://fantasy.ekstraklasa.org/player/1011;33;1011
Pawelec Mariusz;https://fantasy.ekstraklasa.org/player/311;33;311
Pawlak Aleksander;https://fantasy.ekstraklasa.org/player/1369;33;1369
Pawłowski Bartłomiej;https://fantasy.ekstraklasa.org/player/181;33;181
Pawłowski Damian;https://fantasy.ekstraklasa.org/player/819;33;819
Pawłowski Dariusz;https://fantasy.ekstraklasa.org/player/653;33;653
Pałaszewski Maciej;https://fantasy.ekstraklasa.org/player/321;33;321
Pekhart Tomas;https://fantasy.ekstraklasa.org/player/1362;33;1362
Pestka Kamil;https://fantasy.ekstraklasa.org/player/10;33;10
Petk Adrian;https://fantasy.ekstraklasa.org/player/1295;33;1295
Petrášek Tomáš;https://fantasy.ekstraklasa.org/player/1259;33;1259
Peškovič Michal;https://fantasy.ekstraklasa.org/player/100;33;100
Piasecki Fabian;https://fantasy.ekstraklasa.org/player/942;33;942
Pich Róbert;https://fantasy.ekstraklasa.org/player/322;33;322
Pietrzak Rafał;https://fantasy.ekstraklasa.org/player/361;33;361
Pieńczak Mateusz;https://fantasy.ekstraklasa.org/player/1184;33;1184
Pik Daniel;https://fantasy.ekstraklasa.org/player/806;33;806
Pindroch Branislav;https://fantasy.ekstraklasa.org/player/1489;33;1489
Piszczek Filip;https://fantasy.ekstraklasa.org/player/625;33;625
Pituła Dorian;https://fantasy.ekstraklasa.org/player/1468;33;1468
Piątkowski Kamil;https://fantasy.ekstraklasa.org/player/1126;33;1126
Plach František;https://fantasy.ekstraklasa.org/player/790;33;790
Plewka Patryk;https://fantasy.ekstraklasa.org/player/1043;33;1043
Podstawski Tomás;https://fantasy.ekstraklasa.org/player/1076;33;1076
Polaček Martin;https://fantasy.ekstraklasa.org/player/383;33;383
Poletanovič Marko;https://fantasy.ekstraklasa.org/player/1091;33;1091
Poprawa Konrad;https://fantasy.ekstraklasa.org/player/769;33;769
Poręba Łukasz;https://fantasy.ekstraklasa.org/player/1088;33;1088
Pospíšil Martin;https://fantasy.ekstraklasa.org/player/713;33;713
Praszelik Mateusz;https://fantasy.ekstraklasa.org/player/1136;33;1136
Preuss Wiktor;https://fantasy.ekstraklasa.org/player/1526;33;1526
Prikryl Tomáš;https://fantasy.ekstraklasa.org/player/1287;33;1287
Primel Damian;https://fantasy.ekstraklasa.org/player/1434;33;1434
Prochazka Roman;https://fantasy.ekstraklasa.org/player/1348;33;1348
Prokić Andreja;https://fantasy.ekstraklasa.org/player/1446;33;1446
Puchacz Tymoteusz;https://fantasy.ekstraklasa.org/player/556;33;556
Puerto Israel;https://fantasy.ekstraklasa.org/player/1272;33;1272
Puljić Jakov;https://fantasy.ekstraklasa.org/player/1351;33;1351
Putnocký Matúš;https://fantasy.ekstraklasa.org/player/133;33;133
Pyrdoł Piotr;https://fantasy.ekstraklasa.org/player/1232;33;1232
Pyrka Arkadiusz;https://fantasy.ekstraklasa.org/player/1480;33;1480
Rakoczy Michał;https://fantasy.ekstraklasa.org/player/1186;33;1186
Rakowiecki Michał;https://fantasy.ekstraklasa.org/player/1245;33;1245
Rakowski Adrian;https://fantasy.ekstraklasa.org/player/398;33;398
Ramírez Dani;https://fantasy.ekstraklasa.org/player/1233;33;1233
Rasak Damian;https://fantasy.ekstraklasa.org/player/705;33;705
Ratajczyk Adam;https://fantasy.ekstraklasa.org/player/1234;33;1234
Reese Søren;https://fantasy.ekstraklasa.org/player/1531;33;1531
Rocha Luís;https://fantasy.ekstraklasa.org/player/1113;33;1113
Rodin Matej;https://fantasy.ekstraklasa.org/player/1545;33;1545
Rodrigues de Souza Thiago;https://fantasy.ekstraklasa.org/player/1331;33;1331
Rodríguez Julio;https://fantasy.ekstraklasa.org/player/1559;33;1559
Rodríguez Mario;https://fantasy.ekstraklasa.org/player/1548;33;1548
Roginić Marko;https://fantasy.ekstraklasa.org/player/1432;33;1432
Rogne Thomas;https://fantasy.ekstraklasa.org/player/783;33;783
Romanczuk Taras;https://fantasy.ekstraklasa.org/player/86;33;86
Rosołek Maciej;https://fantasy.ekstraklasa.org/player/1322;33;1322
Rostkowski Michał;https://fantasy.ekstraklasa.org/player/1196;33;1196
Rundić Milan;https://fantasy.ekstraklasa.org/player/1506;33;1506
Runje Ivan;https://fantasy.ekstraklasa.org/player/65;33;65
Rybicki Mariusz;https://fantasy.ekstraklasa.org/player/121;33;121
Ryczkowski Adam;https://fantasy.ekstraklasa.org/player/989;33;989
Rymaniak Bartosz;https://fantasy.ekstraklasa.org/player/107;33;107
Rzeźniczak Jakub;https://fantasy.ekstraklasa.org/player/202;33;202
Rzuchowski Michał;https://fantasy.ekstraklasa.org/player/1425;33;1425
Râpă Cornel;https://fantasy.ekstraklasa.org/player/508;33;508
Rémy William;https://fantasy.ekstraklasa.org/player/787;33;787
Sadiković Damir;https://fantasy.ekstraklasa.org/player/1555;33;1555
Sadlok Maciej;https://fantasy.ekstraklasa.org/player/362;33;362
Sadłocha Kacper;https://fantasy.ekstraklasa.org/player/1449;33;1449
Saief Kenny;https://fantasy.ekstraklasa.org/player/1367;33;1367
Samiec-Talar Piotr;https://fantasy.ekstraklasa.org/player/1092;33;1092
Sanogo Vamara;https://fantasy.ekstraklasa.org/player/972;33;972
Santos Matheus;https://fantasy.ekstraklasa.org/player/1084;33;1084
Sapała Igor;https://fantasy.ekstraklasa.org/player/245;33;245
Savić Stefan;https://fantasy.ekstraklasa.org/player/1495;33;1495
Scalet Mathieu;https://fantasy.ekstraklasa.org/player/773;33;773
Schwarz Petr;https://fantasy.ekstraklasa.org/player/1268;33;1268
Seweryn Łukasz;https://fantasy.ekstraklasa.org/player/1441;33;1441
Sezonienko Kacper;https://fantasy.ekstraklasa.org/player/1477;33;1477
Sheridan Cillian;https://fantasy.ekstraklasa.org/player/576;33;576
Sielewski Bartłomiej;https://fantasy.ekstraklasa.org/player/445;33;445
Sieracki Konrad;https://fantasy.ekstraklasa.org/player/1426;33;1426
Sierpina Łukasz;https://fantasy.ekstraklasa.org/player/1427;33;1427
Silva Jean Carlos;https://fantasy.ekstraklasa.org/player/1299;33;1299
Siplak Michal;https://fantasy.ekstraklasa.org/player/720;33;720
Sirk Rok;https://fantasy.ekstraklasa.org/player/1284;33;1284
Sitek Maksymilian;https://fantasy.ekstraklasa.org/player/1525;33;1525
Skibicki Kacper;https://fantasy.ekstraklasa.org/player/1219;33;1219
Skrzyniak Adrian;https://fantasy.ekstraklasa.org/player/1442;33;1442
Skóraś Michał;https://fantasy.ekstraklasa.org/player/1213;33;1213
Slisz Bartosz;https://fantasy.ekstraklasa.org/player/574;33;574
Smoliński Kacper;https://fantasy.ekstraklasa.org/player/1251;33;1251
Smykowski Dominik;https://fantasy.ekstraklasa.org/player/1463;33;1463
Sobczak Szymon;https://fantasy.ekstraklasa.org/player/1474;33;1474
Sobczyk Alex;https://fantasy.ekstraklasa.org/player/1472;33;1472
Sobota Waldemar;https://fantasy.ekstraklasa.org/player/1492;33;1492
Sokołowski Patryk;https://fantasy.ekstraklasa.org/player/1012;33;1012
Sopoćko Mateusz;https://fantasy.ekstraklasa.org/player/1049;33;1049
Spychała Mateusz;https://fantasy.ekstraklasa.org/player/1199;33;1199
Stanek Karol;https://fantasy.ekstraklasa.org/player/1081;33;1081
Starzycki Błażej;https://fantasy.ekstraklasa.org/player/1488;33;1488
Starzyński Filip;https://fantasy.ekstraklasa.org/player/399;33;399
Stasik Szymon;https://fantasy.ekstraklasa.org/player/1447;33;1447
Stawiarz Aleksander;https://fantasy.ekstraklasa.org/player/1359;33;1359
Stec David;https://fantasy.ekstraklasa.org/player/1016;33;1016
Steczyk Dominik;https://fantasy.ekstraklasa.org/player/1292;33;1292
Stipica Dante;https://fantasy.ekstraklasa.org/player/1247;33;1247
Stolarski Paweł;https://fantasy.ekstraklasa.org/player/168;33;168
Struski Karol;https://fantasy.ekstraklasa.org/player/1290;33;1290
Strózik Sebastian;https://fantasy.ekstraklasa.org/player/776;33;776
Strączek Rafał;https://fantasy.ekstraklasa.org/player/1435;33;1435
Studnicki Michał;https://fantasy.ekstraklasa.org/player/1428;33;1428
Supryn Mateusz;https://fantasy.ekstraklasa.org/player/1323;33;1323
Sus Martin;https://fantasy.ekstraklasa.org/player/1542;33;1542
Sypek Jakub;https://fantasy.ekstraklasa.org/player/1398;33;1398
Szczepaniak Mateusz;https://fantasy.ekstraklasa.org/player/28;33;28
Szczepański Miłosz;https://fantasy.ekstraklasa.org/player/816;33;816
Szczerbal Dariusz;https://fantasy.ekstraklasa.org/player/1023;33;1023
Szcześniak Kryspin;https://fantasy.ekstraklasa.org/player/1401;33;1401
Szczutowski Adrian;https://fantasy.ekstraklasa.org/player/1508;33;1508
Szelągowski Daniel;https://fantasy.ekstraklasa.org/player/1203;33;1203
Szmatuła Jakub;https://fantasy.ekstraklasa.org/player/224;33;224
Szmyt Kajetan;https://fantasy.ekstraklasa.org/player/1464;33;1464
Szot Dawid;https://fantasy.ekstraklasa.org/player/1152;33;1152
Szpakowski Marcin;https://fantasy.ekstraklasa.org/player/1383;33;1383
Szromnik Michał;https://fantasy.ekstraklasa.org/player/1493;33;1493
Szumilas Wojciech;https://fantasy.ekstraklasa.org/player/1502;33;1502
Szumski Jakub;https://fantasy.ekstraklasa.org/player/1254;33;1254
Szwoch Mateusz;https://fantasy.ekstraklasa.org/player/431;33;431
Szymański Karol;https://fantasy.ekstraklasa.org/player/1001;33;1001
Szymczak Filip;https://fantasy.ekstraklasa.org/player/1214;33;1214
Szymonowicz Dawid;https://fantasy.ekstraklasa.org/player/88;33;88
Szysz Patryk;https://fantasy.ekstraklasa.org/player/1128;33;1128
Sýkora Jan;https://fantasy.ekstraklasa.org/player/1532;33;1532
Tamas Mark;https://fantasy.ekstraklasa.org/player/1368;33;1368
Tiba Pedro;https://fantasy.ekstraklasa.org/player/1000;33;1000
Tijanić David;https://fantasy.ekstraklasa.org/player/1340;33;1340
Tiru Bogdan;https://fantasy.ekstraklasa.org/player/1355;33;1355
Tobers Kristers;https://fantasy.ekstraklasa.org/player/1335;33;1335
Tokarski Adrian;https://fantasy.ekstraklasa.org/player/1503;33;1503
Tomasiewicz Grzegorz;https://fantasy.ekstraklasa.org/player/432;33;432
Tomasik Piotr;https://fantasy.ekstraklasa.org/player/69;33;69
Tomczyk Paweł;https://fantasy.ekstraklasa.org/player/521;33;521
Toporkiewicz Krzysztof;https://fantasy.ekstraklasa.org/player/1326;33;1326
Trałka Łukasz;https://fantasy.ekstraklasa.org/player/154;33;154
Trelowski Kacper;https://fantasy.ekstraklasa.org/player/1490;33;1490
Triantafyllópoulos Kóstas;https://fantasy.ekstraklasa.org/player/1249;33;1249
Tudor Fran;https://fantasy.ekstraklasa.org/player/1341;33;1341
Turgeman Alon;https://fantasy.ekstraklasa.org/player/1353;33;1353
Turski Hubert;https://fantasy.ekstraklasa.org/player/1388;33;1388
Tuszyński Patryk;https://fantasy.ekstraklasa.org/player/755;33;755
Twardek Kris;https://fantasy.ekstraklasa.org/player/1557;33;1557
Ubbink Desley;https://fantasy.ekstraklasa.org/player/1429;33;1429
Udovičić Žarko;https://fantasy.ekstraklasa.org/player/958;33;958
Urbańczyk Maciej;https://fantasy.ekstraklasa.org/player/299;33;299
Urbański Kacper;https://fantasy.ekstraklasa.org/player/1327;33;1327
Uryga Alan;https://fantasy.ekstraklasa.org/player/374;33;374
Valencia Joel;https://fantasy.ekstraklasa.org/player/742;33;742
van Amersfoort Pelle;https://fantasy.ekstraklasa.org/player/1187;33;1187
van der Hart Mickey;https://fantasy.ekstraklasa.org/player/1207;33;1207
Vassilantonópoulos Stávros;https://fantasy.ekstraklasa.org/player/1380;33;1380
Vestenický Tomáš;https://fantasy.ekstraklasa.org/player/31;33;31
Vešović Marko;https://fantasy.ekstraklasa.org/player/788;33;788
Vida Kristopher;https://fantasy.ekstraklasa.org/player/1374;33;1374
Vikri Egy Maulana;https://fantasy.ekstraklasa.org/player/1047;33;1047
Warchoł Damian;https://fantasy.ekstraklasa.org/player/1403;33;1403
Wdowiak Mateusz;https://fantasy.ekstraklasa.org/player/633;33;633
Wdowik Bartłomiej;https://fantasy.ekstraklasa.org/player/1363;33;1363
Wieteska Mateusz;https://fantasy.ekstraklasa.org/player/491;33;491
Wilk Adam;https://fantasy.ekstraklasa.org/player/5;33;5
Wilusz Maciej;https://fantasy.ekstraklasa.org/player/142;33;142
Witek Jakub;https://fantasy.ekstraklasa.org/player/1399;33;1399
Wiśniewski Michał;https://fantasy.ekstraklasa.org/player/986;33;986
Wiśniewski Przemysław;https://fantasy.ekstraklasa.org/player/992;33;992
Wojciechowski Mateusz;https://fantasy.ekstraklasa.org/player/1465;33;1465
Wojtkowski Kamil;https://fantasy.ekstraklasa.org/player/706;33;706
Wojtuszek Norbert;https://fantasy.ekstraklasa.org/player/1540;33;1540
Wolski Rafał;https://fantasy.ekstraklasa.org/player/184;33;184
Wolsztyński Łukasz;https://fantasy.ekstraklasa.org/player/658;33;658
Wróbel Jakub;https://fantasy.ekstraklasa.org/player/486;33;486
Wrąbel Jakub;https://fantasy.ekstraklasa.org/player/691;33;691
Wszołek Paweł;https://fantasy.ekstraklasa.org/player/1319;33;1319
Wyjadłowski Mateusz;https://fantasy.ekstraklasa.org/player/1510;33;1510
Wójcicki Jakub;https://fantasy.ekstraklasa.org/player/14;33;14
Wędrychowski Marcel;https://fantasy.ekstraklasa.org/player/1252;33;1252
Węglarz Damian;https://fantasy.ekstraklasa.org/player/57;33;57
Włodarczyk Szymon;https://fantasy.ekstraklasa.org/player/1406;33;1406
Yeboah Yaw;https://fantasy.ekstraklasa.org/player/1513;33;1513
Zahovič Luka;https://fantasy.ekstraklasa.org/player/1553;33;1553
Zaucha Patryk;https://fantasy.ekstraklasa.org/player/1188;33;1188
Zawada Oskar;https://fantasy.ekstraklasa.org/player/795;33;795
Zbozień Damian;https://fantasy.ekstraklasa.org/player/391;33;391
Zech Benedikt;https://fantasy.ekstraklasa.org/player/1250;33;1250
Zivulic Diego;https://fantasy.ekstraklasa.org/player/1317;33;1317
Zjawiński Łukasz;https://fantasy.ekstraklasa.org/player/1507;33;1507
Zwoliński Łukasz;https://fantasy.ekstraklasa.org/player/279;33;279
Zylla Marcel;https://fantasy.ekstraklasa.org/player/1544;33;1544
Zé Gomes José;https://fantasy.ekstraklasa.org/player/1364;33;1364
Álvarez Marcos;https://fantasy.ekstraklasa.org/player/1470;33;1470
Černych Fedor;https://fantasy.ekstraklasa.org/player/71;33;71
Čečarić Bojan;https://fantasy.ekstraklasa.org/player/1104;33;1104
Łabojko Jakub;https://fantasy.ekstraklasa.org/player/1020;33;1020
Łasicki Igor;https://fantasy.ekstraklasa.org/player/723;33;723
Ławniczak Aleks;https://fantasy.ekstraklasa.org/player/1455;33;1455
Łyszczarz Adrian;https://fantasy.ekstraklasa.org/player/583;33;583
Ściślak Daniel;https://fantasy.ekstraklasa.org/player/1305;33;1305
Świerczok Jakub;https://fantasy.ekstraklasa.org/player/700;33;700
Šatka Ľubomír;https://fantasy.ekstraklasa.org/player/1209;33;1209
Šimić Lorenco;https://fantasy.ekstraklasa.org/player/1523;33;1523
Šteinbors Pavels;https://fantasy.ekstraklasa.org/player/412;33;412
Štiglec Dino;https://fantasy.ekstraklasa.org/player/1273;33;1273
Żamaletdinow Timur;https://fantasy.ekstraklasa.org/player/1140;33;1140
Żubrowski Jakub;https://fantasy.ekstraklasa.org/player/531;33;531
Żuk Paweł;https://fantasy.ekstraklasa.org/player/1216;33;1216
Żukow Gieorgij;https://fantasy.ekstraklasa.org/player/1325;33;1325
Żukowski Mateusz;https://fantasy.ekstraklasa.org/player/777;33;777
Żurawski Maciej;https://fantasy.ekstraklasa.org/player/1121;33;1121
Żurek Marcel;https://fantasy.ekstraklasa.org/player/1533;33;1533
Żynel Bartłomiej;https://fantasy.ekstraklasa.org/player/1029;33;1029
Żyro Mateusz;https://fantasy.ekstraklasa.org/player/813;33;813
Żyro Michał;https://fantasy.ekstraklasa.org/player/1085;33;1085
Živec Saša;https://fantasy.ekstraklasa.org/player/248;33;248
