Player,Link
Abramowicz Dawid,fantasy.ekstraklasa.org/player/1524
Adamczyk Hubert,fantasy.ekstraklasa.org/player/15
Alomerović Zlatan,fantasy.ekstraklasa.org/player/724
Alves Tiago,fantasy.ekstraklasa.org/player/1309
Ambrosiewicz Maciej,fantasy.ekstraklasa.org/player/664
Angielski Karol,fantasy.ekstraklasa.org/player/722
Antolić Domagoj,fantasy.ekstraklasa.org/player/785
Arak Jakub,fantasy.ekstraklasa.org/player/1004
Arsenić Zoran,fantasy.ekstraklasa.org/player/692
Astiz Iñaki,fantasy.ekstraklasa.org/player/753
Augustyn Błażej,fantasy.ekstraklasa.org/player/749
Awaed Mohammed,fantasy.ekstraklasa.org/player/1543
Badía Gerard,fantasy.ekstraklasa.org/player/236
Bainović Filip,fantasy.ekstraklasa.org/player/1191
Bajorek Bartosz,fantasy.ekstraklasa.org/player/1448
Balcewicz Filip,fantasy.ekstraklasa.org/player/1482
Balić Saša,fantasy.ekstraklasa.org/player/745
Bargiel Przemysław,fantasy.ekstraklasa.org/player/289
Bartkowski Jakub,fantasy.ekstraklasa.org/player/553
Bartl Daniel,fantasy.ekstraklasa.org/player/1262
Bartolewski Mateusz,fantasy.ekstraklasa.org/player/1505
Basha Vullnet,fantasy.ekstraklasa.org/player/752
Baszkirow Jewgienij,fantasy.ekstraklasa.org/player/1375
Baszłaj Dmytro,fantasy.ekstraklasa.org/player/1412
Batelt Michał,fantasy.ekstraklasa.org/player/1413
Bator Jakub,fantasy.ekstraklasa.org/player/1395
Bała Tomasz,fantasy.ekstraklasa.org/player/1405
Bednarczyk Jakub,fantasy.ekstraklasa.org/player/1537
Bednarek Filip,fantasy.ekstraklasa.org/player/1389
Benedyczak Adrian,fantasy.ekstraklasa.org/player/858
Bergier Sebastian,fantasy.ekstraklasa.org/player/774
Bećiraj Fatos,fantasy.ekstraklasa.org/player/1496
Białek Bartosz,fantasy.ekstraklasa.org/player/1324
Bida Bartosz,fantasy.ekstraklasa.org/player/810
Bielica Daniel,fantasy.ekstraklasa.org/player/1517
Bielikow Kamil,fantasy.ekstraklasa.org/player/1538
Bielák Lukáš,fantasy.ekstraklasa.org/player/1436
Bieroński Jakub,fantasy.ekstraklasa.org/player/1419
Biliński Kamil,fantasy.ekstraklasa.org/player/325
Bochniewicz Paweł,fantasy.ekstraklasa.org/player/799
Boczek Tomasz,fantasy.ekstraklasa.org/player/1451
Bodzioch Mateusz,fantasy.ekstraklasa.org/player/1437
Boguski Rafał,fantasy.ekstraklasa.org/player/365
Bohar Damjan,fantasy.ekstraklasa.org/player/1044
Borkała Remigiusz,fantasy.ekstraklasa.org/player/1242
Bortniczuk Maciej,fantasy.ekstraklasa.org/player/1515
Boruc Artur,fantasy.ekstraklasa.org/player/1478
Boruń Bartosz,fantasy.ekstraklasa.org/player/1274
Borysiuk Ariel,fantasy.ekstraklasa.org/player/548
Broda Kamil,fantasy.ekstraklasa.org/player/1277
Brown Forbes Felicio,fantasy.ekstraklasa.org/player/1061
Buchalik Michał,fantasy.ekstraklasa.org/player/351
Buchanelli Holz Conrado,fantasy.ekstraklasa.org/player/1334
Buksa Aleksander,fantasy.ekstraklasa.org/player/1146
Burliga Łukasz,fantasy.ekstraklasa.org/player/58
Bursztyn Jakub,fantasy.ekstraklasa.org/player/712
Butko Bohdan,fantasy.ekstraklasa.org/player/1370
Bödvarsson Bödvar,fantasy.ekstraklasa.org/player/833
Bąkowski Krzysztof,fantasy.ekstraklasa.org/player/1476
Błaszczykowski Jakub,fantasy.ekstraklasa.org/player/1142
Błyszko Wojciech,fantasy.ekstraklasa.org/player/1328
Cabrera Airam,fantasy.ekstraklasa.org/player/1082
Cebula Marcin,fantasy.ekstraklasa.org/player/111
Cegiełka Mateusz,fantasy.ekstraklasa.org/player/1215
Celeban Piotr,fantasy.ekstraklasa.org/player/307
Chmielowiec Mateusz,fantasy.ekstraklasa.org/player/1443
Chodyna Kacper,fantasy.ekstraklasa.org/player/1360
Cholewiak Mateusz,fantasy.ekstraklasa.org/player/851
Chrapek Michał,fantasy.ekstraklasa.org/player/171
Chuca Victor,fantasy.ekstraklasa.org/player/1307
Chudý Martin,fantasy.ekstraklasa.org/player/1105
Cibicki Paweł,fantasy.ekstraklasa.org/player/1339
Cichoń Kacper,fantasy.ekstraklasa.org/player/1485
Cielemęcki Radosław,fantasy.ekstraklasa.org/player/1402
Cierzniak Radosław,fantasy.ekstraklasa.org/player/191
Cotugno Guillermo,fantasy.ekstraklasa.org/player/1349
Crnomarković Đorđe,fantasy.ekstraklasa.org/player/1208
Czerwiński Alan,fantasy.ekstraklasa.org/player/698
Czerwiński Jakub,fantasy.ekstraklasa.org/player/256
Czorbadżijski Bożidar,fantasy.ekstraklasa.org/player/1560
Czyżycki Mateusz,fantasy.ekstraklasa.org/player/1457
Cámara Juan,fantasy.ekstraklasa.org/player/1070
Dadok Robert,fantasy.ekstraklasa.org/player/1444
Danielak Karol,fantasy.ekstraklasa.org/player/976
Dejewski Tomasz,fantasy.ekstraklasa.org/player/137
Dimun Milan,fantasy.ekstraklasa.org/player/21
Domański Maciej,fantasy.ekstraklasa.org/player/1263
Drabik Patryk,fantasy.ekstraklasa.org/player/1420
Dražić Dejan,fantasy.ekstraklasa.org/player/1376
Drygas Kamil,fantasy.ekstraklasa.org/player/269
Duda Kacper,fantasy.ekstraklasa.org/player/1494
Duda Mateusz,fantasy.ekstraklasa.org/player/1497
Dudek Mateusz,fantasy.ekstraklasa.org/player/1433
Dudziński Daniel,fantasy.ekstraklasa.org/player/1283
Dybowski Karol,fantasy.ekstraklasa.org/player/789
Dymerski Filip,fantasy.ekstraklasa.org/player/1174
Dytiatjew Ołeksij,fantasy.ekstraklasa.org/player/740
Dziekoński Xavier,fantasy.ekstraklasa.org/player/1400
Dąbrowski Damian,fantasy.ekstraklasa.org/player/20
Evangélou Stéfanos,fantasy.ekstraklasa.org/player/1558
Expósito Erik,fantasy.ekstraklasa.org/player/1276
Ferraresso Diego,fantasy.ekstraklasa.org/player/479
Ferreira Júnior Rivaldo,fantasy.ekstraklasa.org/player/1518
Ferreira Vinícius,fantasy.ekstraklasa.org/player/1083
Ferreiroa Fernán,fantasy.ekstraklasa.org/player/1551
Fiedosewicz Nikodem,fantasy.ekstraklasa.org/player/1458
Figiel Rafał,fantasy.ekstraklasa.org/player/1421
Fila Karol,fantasy.ekstraklasa.org/player/1005
Fiolić Ivan,fantasy.ekstraklasa.org/player/1356
Flis Marcin,fantasy.ekstraklasa.org/player/239
Forenc Konrad,fantasy.ekstraklasa.org/player/381
Fornalczyk Mariusz,fantasy.ekstraklasa.org/player/1529
Forsell Petteri,fantasy.ekstraklasa.org/player/934
Frelek Dominik,fantasy.ekstraklasa.org/player/1530
Frydrych Michal,fantasy.ekstraklasa.org/player/1549
Frączczak Adam,fantasy.ekstraklasa.org/player/258
Gach Kacper,fantasy.ekstraklasa.org/player/1414
Gajos Maciej,fantasy.ekstraklasa.org/player/145
García Ángel,fantasy.ekstraklasa.org/player/1124
Gardawski Michael,fantasy.ekstraklasa.org/player/729
Gerbowski Fryderyk,fantasy.ekstraklasa.org/player/1498
Getinger Krystian,fantasy.ekstraklasa.org/player/1438
Gjertsen Torgil,fantasy.ekstraklasa.org/player/1344
Gliwa Michał,fantasy.ekstraklasa.org/player/630
Golla Wojciech,fantasy.ekstraklasa.org/player/1019
Gorgon Alexander,fantasy.ekstraklasa.org/player/1486
Gostomski Hubert,fantasy.ekstraklasa.org/player/1377
Grabowski Marcin,fantasy.ekstraklasa.org/player/1024
Gradecki Bartłomiej,fantasy.ekstraklasa.org/player/1509
Grudziński Mateusz,fantasy.ekstraklasa.org/player/1409
Gruszkowski Konrad,fantasy.ekstraklasa.org/player/1528
Gryszkiewicz Adrian,fantasy.ekstraklasa.org/player/844
Grzesik Jan,fantasy.ekstraklasa.org/player/1225
Guldan Ľubomír,fantasy.ekstraklasa.org/player/387
Gumny Robert,fantasy.ekstraklasa.org/player/138
Gut Jakub,fantasy.ekstraklasa.org/player/1536
Gutkovskis Vladislavs,fantasy.ekstraklasa.org/player/346
Gutowski Konrad,fantasy.ekstraklasa.org/player/1556
Gwilia Walerian,fantasy.ekstraklasa.org/player/1106
Gąska Damian,fantasy.ekstraklasa.org/player/1018
Hajda Wojciech,fantasy.ekstraklasa.org/player/807
Hanca Sergiu,fantasy.ekstraklasa.org/player/1103
Handzlik Konrad,fantasy.ekstraklasa.org/player/208
Haydary Omran,fantasy.ekstraklasa.org/player/1365
Helik Michał,fantasy.ekstraklasa.org/player/284
Holúbek Jakub,fantasy.ekstraklasa.org/player/1243
Hostikka Santeri,fantasy.ekstraklasa.org/player/1095
Hoyo-Kowalski Daniel,fantasy.ekstraklasa.org/player/1170
Hołownia Mateusz,fantasy.ekstraklasa.org/player/1008
Hroššo Lukáš,fantasy.ekstraklasa.org/player/1138
Huk Tomáš,fantasy.ekstraklasa.org/player/1241
Hyjek Javier Ajenjo,fantasy.ekstraklasa.org/player/1481
Hładun Dominik,fantasy.ekstraklasa.org/player/382
Iliev Dejan,fantasy.ekstraklasa.org/player/1333
Imaz Jesús,fantasy.ekstraklasa.org/player/765
Ishak Mikael,fantasy.ekstraklasa.org/player/1475
Ivanov Robert,fantasy.ekstraklasa.org/player/1535
Jablonský David,fantasy.ekstraklasa.org/player/1183
Jagiełło Aleksander,fantasy.ekstraklasa.org/player/683
Jakóbowski Michał,fantasy.ekstraklasa.org/player/1460
Janasik Patryk,fantasy.ekstraklasa.org/player/1491
Janicki Rafał,fantasy.ekstraklasa.org/player/166
Janicki Robert,fantasy.ekstraklasa.org/player/1461
Janža Erik,fantasy.ekstraklasa.org/player/1192
Jaroch Bartosz,fantasy.ekstraklasa.org/player/1415
Jaroch Gracjan,fantasy.ekstraklasa.org/player/1466
Jimenez Jesus,fantasy.ekstraklasa.org/player/987
Jirka Erik,fantasy.ekstraklasa.org/player/1332
Jodłowiec Tomasz,fantasy.ekstraklasa.org/player/209
Jończy Dominik,fantasy.ekstraklasa.org/player/581
Juranović Josip,fantasy.ekstraklasa.org/player/1479
Jóźwiak Kamil,fantasy.ekstraklasa.org/player/147
Jędrzejczyk Artur,fantasy.ekstraklasa.org/player/535
Kaczarawa Nika,fantasy.ekstraklasa.org/player/636
Kaczmarek Mateusz,fantasy.ekstraklasa.org/player/1396
Kadlec Andrej,fantasy.ekstraklasa.org/player/1107
Kalenik Oskar,fantasy.ekstraklasa.org/player/1487
Kalinowski Dominik,fantasy.ekstraklasa.org/player/1346
Kamiński Jakub,fantasy.ekstraklasa.org/player/1210
Kamiński Krzysztof,fantasy.ekstraklasa.org/player/1358
Kanach Radosław,fantasy.ekstraklasa.org/player/22
Kanté José,fantasy.ekstraklasa.org/player/469
Kapek Przemysław,fantasy.ekstraklasa.org/player/1394
Kapustka Bartosz,fantasy.ekstraklasa.org/player/1521
Karbownik Michał,fantasy.ekstraklasa.org/player/1143
Kałuziński Jakub,fantasy.ekstraklasa.org/player/1382
Kieliba Bartosz,fantasy.ekstraklasa.org/player/1452
Kiełb Jakub,fantasy.ekstraklasa.org/player/1453
Kirkeskov Mikkel,fantasy.ekstraklasa.org/player/847
Klemenz Lukas,fantasy.ekstraklasa.org/player/994
Klupś Tymoteusz,fantasy.ekstraklasa.org/player/846
Kobryń Rafał,fantasy.ekstraklasa.org/player/1294
Kochalski Mateusz,fantasy.ekstraklasa.org/player/1384
Kocsis Gergő,fantasy.ekstraklasa.org/player/1422
Kocyła Dawid,fantasy.ekstraklasa.org/player/1345
Koj Michał,fantasy.ekstraklasa.org/player/285
Komor Aleksander,fantasy.ekstraklasa.org/player/1416
Konczkowski Martin,fantasy.ekstraklasa.org/player/286
Kondracki Kacper,fantasy.ekstraklasa.org/player/1499
Kopacz Bartosz,fantasy.ekstraklasa.org/player/640
Kopczyński Michał,fantasy.ekstraklasa.org/player/210
Kostewycz Wołodymyr,fantasy.ekstraklasa.org/player/524
Kostorz Kacper,fantasy.ekstraklasa.org/player/1218
Kotowicz Grzegorz,fantasy.ekstraklasa.org/player/1385
Kowalczyk Sebastian,fantasy.ekstraklasa.org/player/580
Kozłowski Jan,fantasy.ekstraklasa.org/player/1439
Kozłowski Kacper,fantasy.ekstraklasa.org/player/277
Kościelny Kamil,fantasy.ekstraklasa.org/player/1321
Košťál Martin,fantasy.ekstraklasa.org/player/730
Kramarz Adam,fantasy.ekstraklasa.org/player/1445
Krawczyk Piotr,fantasy.ekstraklasa.org/player/1193
Kraweć Wasyl,fantasy.ekstraklasa.org/player/1547
Kruk Kamil,fantasy.ekstraklasa.org/player/1393
Kryeziu Egzon,fantasy.ekstraklasa.org/player/1366
Krzysztofek Dariusz,fantasy.ekstraklasa.org/player/1248
Krzyżak Oskar,fantasy.ekstraklasa.org/player/1257
Królczyk Patryk,fantasy.ekstraklasa.org/player/1118
Kubica Krzysztof,fantasy.ekstraklasa.org/player/988
Kubicki Jarosław,fantasy.ekstraklasa.org/player/395
Kucharczyk Michał,fantasy.ekstraklasa.org/player/211
Kuciak Dušan,fantasy.ekstraklasa.org/player/558
Kudła Dawid,fantasy.ekstraklasa.org/player/948
Kun Patryk,fantasy.ekstraklasa.org/player/701
Kupczak Mateusz,fantasy.ekstraklasa.org/player/340
Kuveljić Nikola,fantasy.ekstraklasa.org/player/1342
Kuzdra Jakub,fantasy.ekstraklasa.org/player/1462
Kuzimski Mateusz,fantasy.ekstraklasa.org/player/1520
Lagator Dušan,fantasy.ekstraklasa.org/player/1512
Laskowski Adrian,fantasy.ekstraklasa.org/player/1454
Laskowski Filip,fantasy.ekstraklasa.org/player/1423
Lederman Ben,fantasy.ekstraklasa.org/player/1373
Lesniak Filip,fantasy.ekstraklasa.org/player/1500
Leszczyński Arkadiusz,fantasy.ekstraklasa.org/player/1410
Leszczyński Patryk,fantasy.ekstraklasa.org/player/1504
Leszczyński Rafał,fantasy.ekstraklasa.org/player/1411
Lewandowski Mateusz,fantasy.ekstraklasa.org/player/1501
Lewczuk Igor,fantasy.ekstraklasa.org/player/200
Lewkot Szymon,fantasy.ekstraklasa.org/player/1550
Lipski Patryk,fantasy.ekstraklasa.org/player/293
Lis Adrian,fantasy.ekstraklasa.org/player/1450
Lis Mateusz,fantasy.ekstraklasa.org/player/1026
Lisowski Wojciech,fantasy.ekstraklasa.org/player/1440
Listkowski Marcin,fantasy.ekstraklasa.org/player/278
Lopes Rafael,fantasy.ekstraklasa.org/player/1189
Loshaj Florian,fantasy.ekstraklasa.org/player/1330
Lukoszek Kamil,fantasy.ekstraklasa.org/player/1471
Luquinhas Lucas,fantasy.ekstraklasa.org/player/1285
Lusiusz Sylwester,fantasy.ekstraklasa.org/player/757
López Huesca Rubén,fantasy.ekstraklasa.org/player/1190
López Iván,fantasy.ekstraklasa.org/player/1539
Majchrowicz Filip,fantasy.ekstraklasa.org/player/4
Mak Mateusz,fantasy.ekstraklasa.org/player/243
Mak Michał,fantasy.ekstraklasa.org/player/179
Makowski Rafał,fantasy.ekstraklasa.org/player/963
Makowski Tomasz,fantasy.ekstraklasa.org/player/1055
Makuszewski Maciej,fantasy.ekstraklasa.org/player/150
Malarczyk Piotr,fantasy.ekstraklasa.org/player/501
Malec Mariusz,fantasy.ekstraklasa.org/player/1015
Malenica Marko,fantasy.ekstraklasa.org/player/1511
Malinowski Piotr,fantasy.ekstraklasa.org/player/1265
Maloča Mario,fantasy.ekstraklasa.org/player/167
Mamić Petar,fantasy.ekstraklasa.org/player/1546
Maniás Michális,fantasy.ekstraklasa.org/player/1253
Manneh Alasana,fantasy.ekstraklasa.org/player/1300
Marchwiński Filip,fantasy.ekstraklasa.org/player/1094
Martins André,fantasy.ekstraklasa.org/player/1087
Martín Iván,fantasy.ekstraklasa.org/player/1431
Marzec Mateusz,fantasy.ekstraklasa.org/player/1424
Mas Maciej,fantasy.ekstraklasa.org/player/1473
Massoúras Giánnis,fantasy.ekstraklasa.org/player/1534
Mata Luís,fantasy.ekstraklasa.org/player/1483
Matras Mateusz,fantasy.ekstraklasa.org/player/272
Matynia Hubert,fantasy.ekstraklasa.org/player/260
Maćkowiak Mateusz,fantasy.ekstraklasa.org/player/1372
Maćkowski Rafał,fantasy.ekstraklasa.org/player/818
Małek Filip,fantasy.ekstraklasa.org/player/1456
Mehremić Adi,fantasy.ekstraklasa.org/player/1516
Merebaszwili Giorgi,fantasy.ekstraklasa.org/player/487
Miakuszko Serhij,fantasy.ekstraklasa.org/player/1552
Michalski Damian,fantasy.ekstraklasa.org/player/1280
Michalski Kacper,fantasy.ekstraklasa.org/player/1037
Mihalik Jaroslav,fantasy.ekstraklasa.org/player/532
Mikołajewski Daniel,fantasy.ekstraklasa.org/player/1006
Milašius Titas,fantasy.ekstraklasa.org/player/1281
Milewski Sebastian,fantasy.ekstraklasa.org/player/964
Miszta Cezary,fantasy.ekstraklasa.org/player/1217
Mladenović Filip,fantasy.ekstraklasa.org/player/786
Mleczko Miłosz,fantasy.ekstraklasa.org/player/1206
Modelski Filip,fantasy.ekstraklasa.org/player/1417
Moder Jakub,fantasy.ekstraklasa.org/player/1211
Mokwa Tomasz,fantasy.ekstraklasa.org/player/231
Moskiewicz Patryk,fantasy.ekstraklasa.org/player/1278
Mosór Ariel,fantasy.ekstraklasa.org/player/1386
Mroczko Szymon,fantasy.ekstraklasa.org/player/1418
Mruk Bartłomiej,fantasy.ekstraklasa.org/player/1484
Mráz Samuel,fantasy.ekstraklasa.org/player/1522
Muhar Karlo,fantasy.ekstraklasa.org/player/1212
Musiolik Sebastian,fantasy.ekstraklasa.org/player/1269
Musonda Lubambo,fantasy.ekstraklasa.org/player/1137
Muzyk Wojciech,fantasy.ekstraklasa.org/player/1289
Mystkowski Przemysław,fantasy.ekstraklasa.org/player/81
Myszor Jakub,fantasy.ekstraklasa.org/player/1469
Márquez Iván,fantasy.ekstraklasa.org/player/1072
Mączyński Krzysztof,fantasy.ekstraklasa.org/player/371
Nalepa Michał,fantasy.ekstraklasa.org/player/681
Nawrocki Mikołaj,fantasy.ekstraklasa.org/player/996
Neugebauer Bartosz,fantasy.ekstraklasa.org/player/991
Niemczycki Karol,fantasy.ekstraklasa.org/player/23
Niepsuj David,fantasy.ekstraklasa.org/player/262
Niewiadomski Jakub,fantasy.ekstraklasa.org/player/1519
Niewulis Andrzej,fantasy.ekstraklasa.org/player/1258
Niski Nikodem,fantasy.ekstraklasa.org/player/1404
Novikovas Arvydas,fantasy.ekstraklasa.org/player/528
Nowak Bartosz,fantasy.ekstraklasa.org/player/480
Nowak Tomasz,fantasy.ekstraklasa.org/player/967
Obradović Milan,fantasy.ekstraklasa.org/player/1554
Oko Damian,fantasy.ekstraklasa.org/player/829
Olszewski Paweł,fantasy.ekstraklasa.org/player/63
Olszewski Sebastian,fantasy.ekstraklasa.org/player/1527
Osyra Kornel,fantasy.ekstraklasa.org/player/927
Owczarek Piotr,fantasy.ekstraklasa.org/player/1541
Oziębała Przemysław,fantasy.ekstraklasa.org/player/1387
Ożóg Robert,fantasy.ekstraklasa.org/player/985
Paixao Flávio,fantasy.ekstraklasa.org/player/172
Pakulski Dawid,fantasy.ekstraklasa.org/player/831
Paluszek Aleksander,fantasy.ekstraklasa.org/player/1194
Pankiewicz Szymon,fantasy.ekstraklasa.org/player/1561
Papanikoláou Ioánnis,fantasy.ekstraklasa.org/player/1514
Parzyszek Piotr,fantasy.ekstraklasa.org/player/1011
Pawelec Mariusz,fantasy.ekstraklasa.org/player/311
Pawlak Aleksander,fantasy.ekstraklasa.org/player/1369
Pawłowski Bartłomiej,fantasy.ekstraklasa.org/player/181
Pawłowski Damian,fantasy.ekstraklasa.org/player/819
Pawłowski Dariusz,fantasy.ekstraklasa.org/player/653
Pałaszewski Maciej,fantasy.ekstraklasa.org/player/321
Pekhart Tomas,fantasy.ekstraklasa.org/player/1362
Pestka Kamil,fantasy.ekstraklasa.org/player/10
Petk Adrian,fantasy.ekstraklasa.org/player/1295
Petrášek Tomáš,fantasy.ekstraklasa.org/player/1259
Peškovič Michal,fantasy.ekstraklasa.org/player/100
Piasecki Fabian,fantasy.ekstraklasa.org/player/942
Pich Róbert,fantasy.ekstraklasa.org/player/322
Pietrzak Rafał,fantasy.ekstraklasa.org/player/361
Pieńczak Mateusz,fantasy.ekstraklasa.org/player/1184
Pik Daniel,fantasy.ekstraklasa.org/player/806
Pindroch Branislav,fantasy.ekstraklasa.org/player/1489
Piszczek Filip,fantasy.ekstraklasa.org/player/625
Pituła Dorian,fantasy.ekstraklasa.org/player/1468
Piątkowski Kamil,fantasy.ekstraklasa.org/player/1126
Plach František,fantasy.ekstraklasa.org/player/790
Plewka Patryk,fantasy.ekstraklasa.org/player/1043
Podstawski Tomás,fantasy.ekstraklasa.org/player/1076
Polaček Martin,fantasy.ekstraklasa.org/player/383
Poletanovič Marko,fantasy.ekstraklasa.org/player/1091
Poprawa Konrad,fantasy.ekstraklasa.org/player/769
Poręba Łukasz,fantasy.ekstraklasa.org/player/1088
Pospíšil Martin,fantasy.ekstraklasa.org/player/713
Praszelik Mateusz,fantasy.ekstraklasa.org/player/1136
Preuss Wiktor,fantasy.ekstraklasa.org/player/1526
Prikryl Tomáš,fantasy.ekstraklasa.org/player/1287
Primel Damian,fantasy.ekstraklasa.org/player/1434
Prochazka Roman,fantasy.ekstraklasa.org/player/1348
Prokić Andreja,fantasy.ekstraklasa.org/player/1446
Puchacz Tymoteusz,fantasy.ekstraklasa.org/player/556
Puerto Israel,fantasy.ekstraklasa.org/player/1272
Puljić Jakov,fantasy.ekstraklasa.org/player/1351
Putnocký Matúš,fantasy.ekstraklasa.org/player/133
Pyrdoł Piotr,fantasy.ekstraklasa.org/player/1232
Pyrka Arkadiusz,fantasy.ekstraklasa.org/player/1480
Rakoczy Michał,fantasy.ekstraklasa.org/player/1186
Rakowiecki Michał,fantasy.ekstraklasa.org/player/1245
Rakowski Adrian,fantasy.ekstraklasa.org/player/398
Ramírez Dani,fantasy.ekstraklasa.org/player/1233
Rasak Damian,fantasy.ekstraklasa.org/player/705
Ratajczyk Adam,fantasy.ekstraklasa.org/player/1234
Reese Søren,fantasy.ekstraklasa.org/player/1531
Rocha Luís,fantasy.ekstraklasa.org/player/1113
Rodin Matej,fantasy.ekstraklasa.org/player/1545
Rodrigues de Souza Thiago,fantasy.ekstraklasa.org/player/1331
Rodríguez Julio,fantasy.ekstraklasa.org/player/1559
Rodríguez Mario,fantasy.ekstraklasa.org/player/1548
Roginić Marko,fantasy.ekstraklasa.org/player/1432
Rogne Thomas,fantasy.ekstraklasa.org/player/783
Romanczuk Taras,fantasy.ekstraklasa.org/player/86
Rosołek Maciej,fantasy.ekstraklasa.org/player/1322
Rostkowski Michał,fantasy.ekstraklasa.org/player/1196
Rundić Milan,fantasy.ekstraklasa.org/player/1506
Runje Ivan,fantasy.ekstraklasa.org/player/65
Rybicki Mariusz,fantasy.ekstraklasa.org/player/121
Ryczkowski Adam,fantasy.ekstraklasa.org/player/989
Rymaniak Bartosz,fantasy.ekstraklasa.org/player/107
Rzeźniczak Jakub,fantasy.ekstraklasa.org/player/202
Rzuchowski Michał,fantasy.ekstraklasa.org/player/1425
Râpă Cornel,fantasy.ekstraklasa.org/player/508
Rémy William,fantasy.ekstraklasa.org/player/787
Sadiković Damir,fantasy.ekstraklasa.org/player/1555
Sadlok Maciej,fantasy.ekstraklasa.org/player/362
Sadłocha Kacper,fantasy.ekstraklasa.org/player/1449
Saief Kenny,fantasy.ekstraklasa.org/player/1367
Samiec-Talar Piotr,fantasy.ekstraklasa.org/player/1092
Sanogo Vamara,fantasy.ekstraklasa.org/player/972
Santos Matheus,fantasy.ekstraklasa.org/player/1084
Sapała Igor,fantasy.ekstraklasa.org/player/245
Savić Stefan,fantasy.ekstraklasa.org/player/1495
Scalet Mathieu,fantasy.ekstraklasa.org/player/773
Schwarz Petr,fantasy.ekstraklasa.org/player/1268
Seweryn Łukasz,fantasy.ekstraklasa.org/player/1441
Sezonienko Kacper,fantasy.ekstraklasa.org/player/1477
Sheridan Cillian,fantasy.ekstraklasa.org/player/576
Sielewski Bartłomiej,fantasy.ekstraklasa.org/player/445
Sieracki Konrad,fantasy.ekstraklasa.org/player/1426
Sierpina Łukasz,fantasy.ekstraklasa.org/player/1427
Silva Jean Carlos,fantasy.ekstraklasa.org/player/1299
Siplak Michal,fantasy.ekstraklasa.org/player/720
Sirk Rok,fantasy.ekstraklasa.org/player/1284
Sitek Maksymilian,fantasy.ekstraklasa.org/player/1525
Skibicki Kacper,fantasy.ekstraklasa.org/player/1219
Skrzyniak Adrian,fantasy.ekstraklasa.org/player/1442
Skóraś Michał,fantasy.ekstraklasa.org/player/1213
Slisz Bartosz,fantasy.ekstraklasa.org/player/574
Smoliński Kacper,fantasy.ekstraklasa.org/player/1251
Smykowski Dominik,fantasy.ekstraklasa.org/player/1463
Sobczak Szymon,fantasy.ekstraklasa.org/player/1474
Sobczyk Alex,fantasy.ekstraklasa.org/player/1472
Sobota Waldemar,fantasy.ekstraklasa.org/player/1492
Sokołowski Patryk,fantasy.ekstraklasa.org/player/1012
Sopoćko Mateusz,fantasy.ekstraklasa.org/player/1049
Spychała Mateusz,fantasy.ekstraklasa.org/player/1199
Stanek Karol,fantasy.ekstraklasa.org/player/1081
Starzycki Błażej,fantasy.ekstraklasa.org/player/1488
Starzyński Filip,fantasy.ekstraklasa.org/player/399
Stasik Szymon,fantasy.ekstraklasa.org/player/1447
Stawiarz Aleksander,fantasy.ekstraklasa.org/player/1359
Stec David,fantasy.ekstraklasa.org/player/1016
Steczyk Dominik,fantasy.ekstraklasa.org/player/1292
Stipica Dante,fantasy.ekstraklasa.org/player/1247
Stolarski Paweł,fantasy.ekstraklasa.org/player/168
Struski Karol,fantasy.ekstraklasa.org/player/1290
Strózik Sebastian,fantasy.ekstraklasa.org/player/776
Strączek Rafał,fantasy.ekstraklasa.org/player/1435
Studnicki Michał,fantasy.ekstraklasa.org/player/1428
Supryn Mateusz,fantasy.ekstraklasa.org/player/1323
Sus Martin,fantasy.ekstraklasa.org/player/1542
Sypek Jakub,fantasy.ekstraklasa.org/player/1398
Szczepaniak Mateusz,fantasy.ekstraklasa.org/player/28
Szczepański Miłosz,fantasy.ekstraklasa.org/player/816
Szczerbal Dariusz,fantasy.ekstraklasa.org/player/1023
Szcześniak Kryspin,fantasy.ekstraklasa.org/player/1401
Szczutowski Adrian,fantasy.ekstraklasa.org/player/1508
Szelągowski Daniel,fantasy.ekstraklasa.org/player/1203
Szmatuła Jakub,fantasy.ekstraklasa.org/player/224
Szmyt Kajetan,fantasy.ekstraklasa.org/player/1464
Szot Dawid,fantasy.ekstraklasa.org/player/1152
Szpakowski Marcin,fantasy.ekstraklasa.org/player/1383
Szromnik Michał,fantasy.ekstraklasa.org/player/1493
Szumilas Wojciech,fantasy.ekstraklasa.org/player/1502
Szumski Jakub,fantasy.ekstraklasa.org/player/1254
Szwoch Mateusz,fantasy.ekstraklasa.org/player/431
Szymański Karol,fantasy.ekstraklasa.org/player/1001
Szymczak Filip,fantasy.ekstraklasa.org/player/1214
Szymonowicz Dawid,fantasy.ekstraklasa.org/player/88
Szysz Patryk,fantasy.ekstraklasa.org/player/1128
Sýkora Jan,fantasy.ekstraklasa.org/player/1532
Tamas Mark,fantasy.ekstraklasa.org/player/1368
Tiba Pedro,fantasy.ekstraklasa.org/player/1000
Tijanić David,fantasy.ekstraklasa.org/player/1340
Tiru Bogdan,fantasy.ekstraklasa.org/player/1355
Tobers Kristers,fantasy.ekstraklasa.org/player/1335
Tokarski Adrian,fantasy.ekstraklasa.org/player/1503
Tomasiewicz Grzegorz,fantasy.ekstraklasa.org/player/432
Tomasik Piotr,fantasy.ekstraklasa.org/player/69
Tomczyk Paweł,fantasy.ekstraklasa.org/player/521
Toporkiewicz Krzysztof,fantasy.ekstraklasa.org/player/1326
Trałka Łukasz,fantasy.ekstraklasa.org/player/154
Trelowski Kacper,fantasy.ekstraklasa.org/player/1490
Triantafyllópoulos Kóstas,fantasy.ekstraklasa.org/player/1249
Tudor Fran,fantasy.ekstraklasa.org/player/1341
Turgeman Alon,fantasy.ekstraklasa.org/player/1353
Turski Hubert,fantasy.ekstraklasa.org/player/1388
Tuszyński Patryk,fantasy.ekstraklasa.org/player/755
Twardek Kris,fantasy.ekstraklasa.org/player/1557
Ubbink Desley,fantasy.ekstraklasa.org/player/1429
Udovičić Žarko,fantasy.ekstraklasa.org/player/958
Urbańczyk Maciej,fantasy.ekstraklasa.org/player/299
Urbański Kacper,fantasy.ekstraklasa.org/player/1327
Uryga Alan,fantasy.ekstraklasa.org/player/374
Valencia Joel,fantasy.ekstraklasa.org/player/742
van Amersfoort Pelle,fantasy.ekstraklasa.org/player/1187
van der Hart Mickey,fantasy.ekstraklasa.org/player/1207
Vassilantonópoulos Stávros,fantasy.ekstraklasa.org/player/1380
Vestenický Tomáš,fantasy.ekstraklasa.org/player/31
Vešović Marko,fantasy.ekstraklasa.org/player/788
Vida Kristopher,fantasy.ekstraklasa.org/player/1374
Vikri Egy Maulana,fantasy.ekstraklasa.org/player/1047
Warchoł Damian,fantasy.ekstraklasa.org/player/1403
Wdowiak Mateusz,fantasy.ekstraklasa.org/player/633
Wdowik Bartłomiej,fantasy.ekstraklasa.org/player/1363
Wieteska Mateusz,fantasy.ekstraklasa.org/player/491
Wilk Adam,fantasy.ekstraklasa.org/player/5
Wilusz Maciej,fantasy.ekstraklasa.org/player/142
Witek Jakub,fantasy.ekstraklasa.org/player/1399
Wiśniewski Michał,fantasy.ekstraklasa.org/player/986
Wiśniewski Przemysław,fantasy.ekstraklasa.org/player/992
Wojciechowski Mateusz,fantasy.ekstraklasa.org/player/1465
Wojtkowski Kamil,fantasy.ekstraklasa.org/player/706
Wojtuszek Norbert,fantasy.ekstraklasa.org/player/1540
Wolski Rafał,fantasy.ekstraklasa.org/player/184
Wolsztyński Łukasz,fantasy.ekstraklasa.org/player/658
Wróbel Jakub,fantasy.ekstraklasa.org/player/486
Wrąbel Jakub,fantasy.ekstraklasa.org/player/691
Wszołek Paweł,fantasy.ekstraklasa.org/player/1319
Wyjadłowski Mateusz,fantasy.ekstraklasa.org/player/1510
Wójcicki Jakub,fantasy.ekstraklasa.org/player/14
Wędrychowski Marcel,fantasy.ekstraklasa.org/player/1252
Węglarz Damian,fantasy.ekstraklasa.org/player/57
Włodarczyk Szymon,fantasy.ekstraklasa.org/player/1406
Yeboah Yaw,fantasy.ekstraklasa.org/player/1513
Zahovič Luka,fantasy.ekstraklasa.org/player/1553
Zaucha Patryk,fantasy.ekstraklasa.org/player/1188
Zawada Oskar,fantasy.ekstraklasa.org/player/795
Zbozień Damian,fantasy.ekstraklasa.org/player/391
Zech Benedikt,fantasy.ekstraklasa.org/player/1250
Zivulic Diego,fantasy.ekstraklasa.org/player/1317
Zjawiński Łukasz,fantasy.ekstraklasa.org/player/1507
Zwoliński Łukasz,fantasy.ekstraklasa.org/player/279
Zylla Marcel,fantasy.ekstraklasa.org/player/1544
Zé Gomes José,fantasy.ekstraklasa.org/player/1364
Álvarez Marcos,fantasy.ekstraklasa.org/player/1470
Černych Fedor,fantasy.ekstraklasa.org/player/71
Čečarić Bojan,fantasy.ekstraklasa.org/player/1104
Łabojko Jakub,fantasy.ekstraklasa.org/player/1020
Łasicki Igor,fantasy.ekstraklasa.org/player/723
Ławniczak Aleks,fantasy.ekstraklasa.org/player/1455
Łyszczarz Adrian,fantasy.ekstraklasa.org/player/583
Ściślak Daniel,fantasy.ekstraklasa.org/player/1305
Świerczok Jakub,fantasy.ekstraklasa.org/player/700
Šatka Ľubomír,fantasy.ekstraklasa.org/player/1209
Šimić Lorenco,fantasy.ekstraklasa.org/player/1523
Šteinbors Pavels,fantasy.ekstraklasa.org/player/412
Štiglec Dino,fantasy.ekstraklasa.org/player/1273
Żamaletdinow Timur,fantasy.ekstraklasa.org/player/1140
Żubrowski Jakub,fantasy.ekstraklasa.org/player/531
Żuk Paweł,fantasy.ekstraklasa.org/player/1216
Żukow Gieorgij,fantasy.ekstraklasa.org/player/1325
Żukowski Mateusz,fantasy.ekstraklasa.org/player/777
Żurawski Maciej,fantasy.ekstraklasa.org/player/1121
Żurek Marcel,fantasy.ekstraklasa.org/player/1533
Żynel Bartłomiej,fantasy.ekstraklasa.org/player/1029
Żyro Mateusz,fantasy.ekstraklasa.org/player/813
Żyro Michał,fantasy.ekstraklasa.org/player/1085
Živec Saša,fantasy.ekstraklasa.org/player/248
Żamaletdinow Timur,fantasy.ekstraklasa.org/player/1140
Żubrowski Jakub,fantasy.ekstraklasa.org/player/531
Żuk Paweł,fantasy.ekstraklasa.org/player/1216
Żukow Gieorgij,fantasy.ekstraklasa.org/player/1325
Żukowski Mateusz,fantasy.ekstraklasa.org/player/777
Żurawski Maciej,fantasy.ekstraklasa.org/player/1121
Żurek Marcel,fantasy.ekstraklasa.org/player/1533
Żynel Bartłomiej,fantasy.ekstraklasa.org/player/1029
Żyro Mateusz,fantasy.ekstraklasa.org/player/813
Żyro Michał,fantasy.ekstraklasa.org/player/1085
Živec Saša,fantasy.ekstraklasa.org/player/248
Żamaletdinow Timur,fantasy.ekstraklasa.org/player/1140
Żubrowski Jakub,fantasy.ekstraklasa.org/player/531
Żuk Paweł,fantasy.ekstraklasa.org/player/1216
Żukow Gieorgij,fantasy.ekstraklasa.org/player/1325
Żukowski Mateusz,fantasy.ekstraklasa.org/player/777
Żurawski Maciej,fantasy.ekstraklasa.org/player/1121
Żurek Marcel,fantasy.ekstraklasa.org/player/1533
Żynel Bartłomiej,fantasy.ekstraklasa.org/player/1029
Żyro Mateusz,fantasy.ekstraklasa.org/player/813
Żyro Michał,fantasy.ekstraklasa.org/player/1085
Živec Saša,fantasy.ekstraklasa.org/player/248
