player,link
Abramowicz Dawid,https://fantasy.ekstraklasa.org/player/1524
Adamczyk Hubert,https://fantasy.ekstraklasa.org/player/15
Alomerović Zlatan,https://fantasy.ekstraklasa.org/player/724
Alves Tiago,https://fantasy.ekstraklasa.org/player/1309
Andrzejewski Kacper,https://fantasy.ekstraklasa.org/player/1572
Arak Jakub,https://fantasy.ekstraklasa.org/player/1004
Astiz Iñaki,https://fantasy.ekstraklasa.org/player/753
Augustyn Błażej,https://fantasy.ekstraklasa.org/player/749
Awwad Mohammad,https://fantasy.ekstraklasa.org/player/1543
Badía Gerard,https://fantasy.ekstraklasa.org/player/236
Bainović Filip,https://fantasy.ekstraklasa.org/player/1191
Bajorek Bartosz,https://fantasy.ekstraklasa.org/player/1448
Baku Makana,https://fantasy.ekstraklasa.org/player/1586
Balcewicz Filip,https://fantasy.ekstraklasa.org/player/1482
Balić Saša,https://fantasy.ekstraklasa.org/player/745
Bargiel Przemysław,https://fantasy.ekstraklasa.org/player/289
Bartkowski Jakub,https://fantasy.ekstraklasa.org/player/553
Bartl Daniel,https://fantasy.ekstraklasa.org/player/1262
Bartolewski Mateusz,https://fantasy.ekstraklasa.org/player/1505
Basha Vullnet,https://fantasy.ekstraklasa.org/player/752
Baszkirow Jewgienij,https://fantasy.ekstraklasa.org/player/1375
Baszłaj Dmytro,https://fantasy.ekstraklasa.org/player/1412
Batelt Michał,https://fantasy.ekstraklasa.org/player/1413
Bała Tomasz,https://fantasy.ekstraklasa.org/player/1405
Bednarczyk Jakub,https://fantasy.ekstraklasa.org/player/1537
Bednarek Filip,https://fantasy.ekstraklasa.org/player/1389
Bejger Łukasz,https://fantasy.ekstraklasa.org/player/514
Benedyczak Adrian,https://fantasy.ekstraklasa.org/player/858
Bergier Sebastian,https://fantasy.ekstraklasa.org/player/774
Bećiraj Fatos,https://fantasy.ekstraklasa.org/player/1496
Bida Bartosz,https://fantasy.ekstraklasa.org/player/810
Biegański Jan,https://fantasy.ekstraklasa.org/player/1578
Bielica Daniel,https://fantasy.ekstraklasa.org/player/1517
Bielikow Kamil,https://fantasy.ekstraklasa.org/player/1538
Bieroński Jakub,https://fantasy.ekstraklasa.org/player/1419
Biliński Kamil,https://fantasy.ekstraklasa.org/player/325
Boguski Rafał,https://fantasy.ekstraklasa.org/player/365
Borkała Remigiusz,https://fantasy.ekstraklasa.org/player/1242
Bortniczuk Maciej,https://fantasy.ekstraklasa.org/player/1515
Boruc Artur,https://fantasy.ekstraklasa.org/player/1478
Boruń Bartosz,https://fantasy.ekstraklasa.org/player/1274
Borysiuk Ariel,https://fantasy.ekstraklasa.org/player/548
Broda Kamil,https://fantasy.ekstraklasa.org/player/1277
Brown Forbes Felicio,https://fantasy.ekstraklasa.org/player/1061
Buchalik Michał,https://fantasy.ekstraklasa.org/player/351
Buchanelli Holz Conrado,https://fantasy.ekstraklasa.org/player/1334
Buksa Aleksander,https://fantasy.ekstraklasa.org/player/1146
Burliga Łukasz,https://fantasy.ekstraklasa.org/player/58
Burman Bartłomiej,https://fantasy.ekstraklasa.org/player/1587
Bursztyn Jakub,https://fantasy.ekstraklasa.org/player/712
Butko Bohdan,https://fantasy.ekstraklasa.org/player/1370
Bödvarsson Bödvar,https://fantasy.ekstraklasa.org/player/833
Bąkowski Krzysztof,https://fantasy.ekstraklasa.org/player/1476
Błaszczykowski Jakub,https://fantasy.ekstraklasa.org/player/1142
Błyszko Wojciech,https://fantasy.ekstraklasa.org/player/1328
Cabrera Airam,https://fantasy.ekstraklasa.org/player/1082
Cebula Marcin,https://fantasy.ekstraklasa.org/player/111
Ceesay Joseph,https://fantasy.ekstraklasa.org/player/1579
Celeban Piotr,https://fantasy.ekstraklasa.org/player/307
Chmiel Sławomir,https://fantasy.ekstraklasa.org/player/1566
Chmielowiec Mateusz,https://fantasy.ekstraklasa.org/player/1443
Chodyna Kacper,https://fantasy.ekstraklasa.org/player/1360
Cholewiak Mateusz,https://fantasy.ekstraklasa.org/player/851
Chrapek Michał,https://fantasy.ekstraklasa.org/player/171
Chuca Victor,https://fantasy.ekstraklasa.org/player/1307
Chudý Martin,https://fantasy.ekstraklasa.org/player/1105
Cibicki Paweł,https://fantasy.ekstraklasa.org/player/1339
Cichoń Kacper,https://fantasy.ekstraklasa.org/player/1485
Cielemęcki Radosław,https://fantasy.ekstraklasa.org/player/1402
Ciepiela Bartłomiej,https://fantasy.ekstraklasa.org/player/1581
Cierzniak Radosław,https://fantasy.ekstraklasa.org/player/191
Cotugno Guillermo,https://fantasy.ekstraklasa.org/player/1349
Crnomarković Đorđe,https://fantasy.ekstraklasa.org/player/1208
Czerwiński Alan,https://fantasy.ekstraklasa.org/player/698
Czerwiński Jakub,https://fantasy.ekstraklasa.org/player/256
Czorbadżijski Bożidar,https://fantasy.ekstraklasa.org/player/1560
Czyżycki Mateusz,https://fantasy.ekstraklasa.org/player/1457
Dadok Robert,https://fantasy.ekstraklasa.org/player/1444
Danielak Karol,https://fantasy.ekstraklasa.org/player/976
de Amo Jonathan,https://fantasy.ekstraklasa.org/player/926
Dejewski Tomasz,https://fantasy.ekstraklasa.org/player/137
Dimun Milan,https://fantasy.ekstraklasa.org/player/21
Domański Maciej,https://fantasy.ekstraklasa.org/player/1263
Dražić Dejan,https://fantasy.ekstraklasa.org/player/1376
Drygas Kamil,https://fantasy.ekstraklasa.org/player/269
Duda Kacper,https://fantasy.ekstraklasa.org/player/1494
Dudek Mateusz,https://fantasy.ekstraklasa.org/player/1433
Dudziński Daniel,https://fantasy.ekstraklasa.org/player/1283
Dytiatjew Ołeksij,https://fantasy.ekstraklasa.org/player/740
Dziekoński Xavier,https://fantasy.ekstraklasa.org/player/1400
Dąbrowski Damian,https://fantasy.ekstraklasa.org/player/20
Evangélou Stéfanos,https://fantasy.ekstraklasa.org/player/1558
Expósito Erik,https://fantasy.ekstraklasa.org/player/1276
Ferraresso Diego,https://fantasy.ekstraklasa.org/player/479
Ferreira Júnior Rivaldo,https://fantasy.ekstraklasa.org/player/1518
Ferreira Vinícius,https://fantasy.ekstraklasa.org/player/1083
Ferreiroa Fernán,https://fantasy.ekstraklasa.org/player/1551
Fiedosewicz Nikodem,https://fantasy.ekstraklasa.org/player/1458
Fila Karol,https://fantasy.ekstraklasa.org/player/1005
Fiolić Ivan,https://fantasy.ekstraklasa.org/player/1356
Flis Marcin,https://fantasy.ekstraklasa.org/player/239
Forenc Konrad,https://fantasy.ekstraklasa.org/player/381
Fornalczyk Mariusz,https://fantasy.ekstraklasa.org/player/1529
Forsell Petteri,https://fantasy.ekstraklasa.org/player/934
Frelek Dominik,https://fantasy.ekstraklasa.org/player/1530
Frydrych Michal,https://fantasy.ekstraklasa.org/player/1549
Frączczak Adam,https://fantasy.ekstraklasa.org/player/258
Gach Kacper,https://fantasy.ekstraklasa.org/player/1414
Gajos Maciej,https://fantasy.ekstraklasa.org/player/145
García Ángel,https://fantasy.ekstraklasa.org/player/1124
Gardawski Michael,https://fantasy.ekstraklasa.org/player/729
Gendera Maksym,https://fantasy.ekstraklasa.org/player/1605
Gerbowski Fryderyk,https://fantasy.ekstraklasa.org/player/1498
Getinger Krystian,https://fantasy.ekstraklasa.org/player/1438
Gjertsen Torgil,https://fantasy.ekstraklasa.org/player/1344
Gliwa Michał,https://fantasy.ekstraklasa.org/player/630
Golla Wojciech,https://fantasy.ekstraklasa.org/player/1019
Gorgon Alexander,https://fantasy.ekstraklasa.org/player/1486
Gostomski Hubert,https://fantasy.ekstraklasa.org/player/1377
Gradecki Bartłomiej,https://fantasy.ekstraklasa.org/player/1509
Granlund Albin,https://fantasy.ekstraklasa.org/player/1585
Grudziński Mateusz,https://fantasy.ekstraklasa.org/player/1409
Gruszkowski Konrad,https://fantasy.ekstraklasa.org/player/1528
Gryszkiewicz Adrian,https://fantasy.ekstraklasa.org/player/844
Grzesik Jan,https://fantasy.ekstraklasa.org/player/1225
Grzywaczewski Jakub,https://fantasy.ekstraklasa.org/player/4
Gut Jakub,https://fantasy.ekstraklasa.org/player/1536
Gutkovskis Vladislavs,https://fantasy.ekstraklasa.org/player/346
Gutowski Konrad,https://fantasy.ekstraklasa.org/player/1556
Gwilia Walerian,https://fantasy.ekstraklasa.org/player/1106
Góralczyk Jakub,https://fantasy.ekstraklasa.org/player/1568
Gąska Damian,https://fantasy.ekstraklasa.org/player/1018
Hajda Wojciech,https://fantasy.ekstraklasa.org/player/807
Hall Tim,https://fantasy.ekstraklasa.org/player/1588
Hanca Sergiu,https://fantasy.ekstraklasa.org/player/1103
Handzlik Konrad,https://fantasy.ekstraklasa.org/player/208
Haydary Omran,https://fantasy.ekstraklasa.org/player/1365
Holec Dominik,https://fantasy.ekstraklasa.org/player/1590
Holúbek Jakub,https://fantasy.ekstraklasa.org/player/1243
Hora Jakub,https://fantasy.ekstraklasa.org/player/1584
Hostikka Santeri,https://fantasy.ekstraklasa.org/player/1095
Hoyo-Kowalski Daniel,https://fantasy.ekstraklasa.org/player/1170
Hołownia Mateusz,https://fantasy.ekstraklasa.org/player/1008
Hroššo Lukáš,https://fantasy.ekstraklasa.org/player/1138
Huk Tomáš,https://fantasy.ekstraklasa.org/player/1241
Hyjek Javier Ajenjo,https://fantasy.ekstraklasa.org/player/1481
Hładun Dominik,https://fantasy.ekstraklasa.org/player/382
Imaz Jesús,https://fantasy.ekstraklasa.org/player/765
Ishak Mikael,https://fantasy.ekstraklasa.org/player/1475
Ivanov Robert,https://fantasy.ekstraklasa.org/player/1535
Jach Jarosław,https://fantasy.ekstraklasa.org/player/388
Jakóbowski Michał,https://fantasy.ekstraklasa.org/player/1460
Janasik Patryk,https://fantasy.ekstraklasa.org/player/1491
Janicki Rafał,https://fantasy.ekstraklasa.org/player/166
Janicki Robert,https://fantasy.ekstraklasa.org/player/1461
Jankowski Maciej,https://fantasy.ekstraklasa.org/player/240
Janža Erik,https://fantasy.ekstraklasa.org/player/1192
Jaroch Bartosz,https://fantasy.ekstraklasa.org/player/1415
Jaroch Gracjan,https://fantasy.ekstraklasa.org/player/1466
Jesionek Jakub,https://fantasy.ekstraklasa.org/player/1562
Jimenez Jesus,https://fantasy.ekstraklasa.org/player/987
Jodłowiec Tomasz,https://fantasy.ekstraklasa.org/player/209
Jończy Dominik,https://fantasy.ekstraklasa.org/player/581
Juranović Josip,https://fantasy.ekstraklasa.org/player/1479
Jędrzejczyk Artur,https://fantasy.ekstraklasa.org/player/535
Kaczarawa Nika,https://fantasy.ekstraklasa.org/player/636
Kaczmarski Iwo,https://fantasy.ekstraklasa.org/player/1378
Kadlec Andrej,https://fantasy.ekstraklasa.org/player/1107
Kafel Bartłomiej,https://fantasy.ekstraklasa.org/player/1185
Kalinowski Dominik,https://fantasy.ekstraklasa.org/player/1346
Kamiński Jakub,https://fantasy.ekstraklasa.org/player/1210
Kamiński Krzysztof,https://fantasy.ekstraklasa.org/player/1358
Kanach Radosław,https://fantasy.ekstraklasa.org/player/22
Kanté José,https://fantasy.ekstraklasa.org/player/469
Kapek Przemysław,https://fantasy.ekstraklasa.org/player/1394
Kapustka Bartosz,https://fantasy.ekstraklasa.org/player/1521
Karbownik Jakub,https://fantasy.ekstraklasa.org/player/1575
Karlström Jesper,https://fantasy.ekstraklasa.org/player/1576
Kałuziński Jakub,https://fantasy.ekstraklasa.org/player/1382
Kieliba Bartosz,https://fantasy.ekstraklasa.org/player/1452
Kiełb Jakub,https://fantasy.ekstraklasa.org/player/1453
Kisiel Jakub,https://fantasy.ekstraklasa.org/player/1609
Kizyma Mateusz,https://fantasy.ekstraklasa.org/player/1602
Klemenz Lukas,https://fantasy.ekstraklasa.org/player/994
Klupś Tymoteusz,https://fantasy.ekstraklasa.org/player/846
Kocsis Gergő,https://fantasy.ekstraklasa.org/player/1422
Kocyła Dawid,https://fantasy.ekstraklasa.org/player/1345
Koj Michał,https://fantasy.ekstraklasa.org/player/285
Kolew Aleksandyr,https://fantasy.ekstraklasa.org/player/687
Konczkowski Martin,https://fantasy.ekstraklasa.org/player/286
Konik Patryk,https://fantasy.ekstraklasa.org/player/1580
Koné Souleymane,https://fantasy.ekstraklasa.org/player/1596
Kopacz Bartosz,https://fantasy.ekstraklasa.org/player/640
Kopczyński Michał,https://fantasy.ekstraklasa.org/player/210
Kostorz Kacper,https://fantasy.ekstraklasa.org/player/1218
Kotowicz Grzegorz,https://fantasy.ekstraklasa.org/player/1385
Kowalczyk Sebastian,https://fantasy.ekstraklasa.org/player/580
Kozłowski Jan,https://fantasy.ekstraklasa.org/player/1439
Kozłowski Kacper,https://fantasy.ekstraklasa.org/player/277
Kościelny Kamil,https://fantasy.ekstraklasa.org/player/1321
Kramarz Adam,https://fantasy.ekstraklasa.org/player/1445
Krawczyk Piotr,https://fantasy.ekstraklasa.org/player/1193
Kraweć Wasyl,https://fantasy.ekstraklasa.org/player/1547
Kruk Kamil,https://fantasy.ekstraklasa.org/player/1393
Kryeziu Egzon,https://fantasy.ekstraklasa.org/player/1366
Krzysztofek Dariusz,https://fantasy.ekstraklasa.org/player/1248
Krzyżak Oskar,https://fantasy.ekstraklasa.org/player/1257
Królczyk Patryk,https://fantasy.ekstraklasa.org/player/1118
Kubica Krzysztof,https://fantasy.ekstraklasa.org/player/988
Kubicki Jarosław,https://fantasy.ekstraklasa.org/player/395
Kucharczyk Michał,https://fantasy.ekstraklasa.org/player/211
Kuciak Dušan,https://fantasy.ekstraklasa.org/player/558
Kudła Dawid,https://fantasy.ekstraklasa.org/player/948
Kun Patryk,https://fantasy.ekstraklasa.org/player/701
Kupczak Mateusz,https://fantasy.ekstraklasa.org/player/340
Kuveljić Nikola,https://fantasy.ekstraklasa.org/player/1342
Kuzdra Jakub,https://fantasy.ekstraklasa.org/player/1462
Kuzimski Mateusz,https://fantasy.ekstraklasa.org/player/1520
Kwekweskiri Nika,https://fantasy.ekstraklasa.org/player/1601
Kwiecień Bartosz,https://fantasy.ekstraklasa.org/player/115
Lagator Dušan,https://fantasy.ekstraklasa.org/player/1512
Laskowski Adrian,https://fantasy.ekstraklasa.org/player/1454
Laskowski Filip,https://fantasy.ekstraklasa.org/player/1423
Lederman Ben,https://fantasy.ekstraklasa.org/player/1373
Lesniak Filip,https://fantasy.ekstraklasa.org/player/1500
Leszczyński Arkadiusz,https://fantasy.ekstraklasa.org/player/1410
Leszczyński Rafał,https://fantasy.ekstraklasa.org/player/1411
Lewandowski Mateusz,https://fantasy.ekstraklasa.org/player/1501
Lewczuk Igor,https://fantasy.ekstraklasa.org/player/200
Lewkot Szymon,https://fantasy.ekstraklasa.org/player/1550
Lipski Patryk,https://fantasy.ekstraklasa.org/player/293
Lis Adrian,https://fantasy.ekstraklasa.org/player/1450
Lis Mateusz,https://fantasy.ekstraklasa.org/player/1026
Lisowski Wojciech,https://fantasy.ekstraklasa.org/player/1440
Litwa Michał,https://fantasy.ekstraklasa.org/player/1600
Lopes Rafael,https://fantasy.ekstraklasa.org/player/1189
Loshaj Florian,https://fantasy.ekstraklasa.org/player/1330
Lukoszek Kamil,https://fantasy.ekstraklasa.org/player/1471
Luquinhas Lucas,https://fantasy.ekstraklasa.org/player/1285
Lusiusz Sylwester,https://fantasy.ekstraklasa.org/player/757
López Iván,https://fantasy.ekstraklasa.org/player/1539
Macenko Jehor,https://fantasy.ekstraklasa.org/player/1582
Maj Przemysław,https://fantasy.ekstraklasa.org/player/1564
Majsterek Jan,https://fantasy.ekstraklasa.org/player/1571
Mak Mateusz,https://fantasy.ekstraklasa.org/player/243
Mak Michał,https://fantasy.ekstraklasa.org/player/179
Makowski Rafał,https://fantasy.ekstraklasa.org/player/963
Makowski Tomasz,https://fantasy.ekstraklasa.org/player/1055
Makuszewski Maciej,https://fantasy.ekstraklasa.org/player/150
Malarczyk Piotr,https://fantasy.ekstraklasa.org/player/501
Malec Mariusz,https://fantasy.ekstraklasa.org/player/1015
Malinowski Piotr,https://fantasy.ekstraklasa.org/player/1265
Maloča Mario,https://fantasy.ekstraklasa.org/player/167
Mamić Petar,https://fantasy.ekstraklasa.org/player/1546
Manneh Alasana,https://fantasy.ekstraklasa.org/player/1300
Marchwiński Filip,https://fantasy.ekstraklasa.org/player/1094
Martins André,https://fantasy.ekstraklasa.org/player/1087
Marzec Mateusz,https://fantasy.ekstraklasa.org/player/1424
Massoúras Giánnis,https://fantasy.ekstraklasa.org/player/1534
Mata Luís,https://fantasy.ekstraklasa.org/player/1483
Matras Mateusz,https://fantasy.ekstraklasa.org/player/272
Matynia Hubert,https://fantasy.ekstraklasa.org/player/260
Mazur Myrosław,https://fantasy.ekstraklasa.org/player/1608
Maćkowiak Mateusz,https://fantasy.ekstraklasa.org/player/1372
Medved Żan,https://fantasy.ekstraklasa.org/player/1594
Mehremić Adi,https://fantasy.ekstraklasa.org/player/1516
Merebaszwili Giorgi,https://fantasy.ekstraklasa.org/player/487
Miakuszko Serhij,https://fantasy.ekstraklasa.org/player/1552
Michalski Damian,https://fantasy.ekstraklasa.org/player/1280
Michalski Kacper,https://fantasy.ekstraklasa.org/player/1037
Mihalik Jaroslav,https://fantasy.ekstraklasa.org/player/532
Mikołajewski Daniel,https://fantasy.ekstraklasa.org/player/1006
Milewski Sebastian,https://fantasy.ekstraklasa.org/player/964
Milić Antonio,https://fantasy.ekstraklasa.org/player/1573
Mirus Eryk,https://fantasy.ekstraklasa.org/player/1577
Miszta Cezary,https://fantasy.ekstraklasa.org/player/1217
Mladenović Filip,https://fantasy.ekstraklasa.org/player/786
Modelski Filip,https://fantasy.ekstraklasa.org/player/1417
Mokwa Tomasz,https://fantasy.ekstraklasa.org/player/231
Moskiewicz Patryk,https://fantasy.ekstraklasa.org/player/1278
Mosór Ariel,https://fantasy.ekstraklasa.org/player/1386
Mroczko Szymon,https://fantasy.ekstraklasa.org/player/1418
Mruk Bartłomiej,https://fantasy.ekstraklasa.org/player/1484
Mráz Samuel,https://fantasy.ekstraklasa.org/player/1522
Muhar Karlo,https://fantasy.ekstraklasa.org/player/1212
Musolitin Mykoła,https://fantasy.ekstraklasa.org/player/1563
Musonda Lubambo,https://fantasy.ekstraklasa.org/player/1137
Muzyk Wojciech,https://fantasy.ekstraklasa.org/player/1289
Mystkowski Przemysław,https://fantasy.ekstraklasa.org/player/81
Myszor Jakub,https://fantasy.ekstraklasa.org/player/1469
Márquez Iván,https://fantasy.ekstraklasa.org/player/1072
Mączyński Krzysztof,https://fantasy.ekstraklasa.org/player/371
Nalepa Michał,https://fantasy.ekstraklasa.org/player/681
Nastić Bojan,https://fantasy.ekstraklasa.org/player/1597
Nawrocki Mikołaj,https://fantasy.ekstraklasa.org/player/996
Neugebauer Bartosz,https://fantasy.ekstraklasa.org/player/991
Niemczycki Karol,https://fantasy.ekstraklasa.org/player/23
Niepsuj David,https://fantasy.ekstraklasa.org/player/262
Niewiadomski Jakub,https://fantasy.ekstraklasa.org/player/1519
Niewulis Andrzej,https://fantasy.ekstraklasa.org/player/1258
Niski Nikodem,https://fantasy.ekstraklasa.org/player/1404
Nowak Bartosz,https://fantasy.ekstraklasa.org/player/480
Nowak Tomasz,https://fantasy.ekstraklasa.org/player/967
Obradović Milan,https://fantasy.ekstraklasa.org/player/1554
Oko Damian,https://fantasy.ekstraklasa.org/player/829
Olszewski Paweł,https://fantasy.ekstraklasa.org/player/63
Osyra Kornel,https://fantasy.ekstraklasa.org/player/927
Owczarek Piotr,https://fantasy.ekstraklasa.org/player/1541
Ożóg Robert,https://fantasy.ekstraklasa.org/player/985
Paixao Flávio,https://fantasy.ekstraklasa.org/player/172
Pakulski Dawid,https://fantasy.ekstraklasa.org/player/831
Paluszek Aleksander,https://fantasy.ekstraklasa.org/player/1194
Pankiewicz Szymon,https://fantasy.ekstraklasa.org/player/1561
Papanikoláou Ioánnis,https://fantasy.ekstraklasa.org/player/1514
Pawelec Mariusz,https://fantasy.ekstraklasa.org/player/311
Pawlak Aleksander,https://fantasy.ekstraklasa.org/player/1369
Pawłowski Bartłomiej,https://fantasy.ekstraklasa.org/player/181
Pawłowski Damian,https://fantasy.ekstraklasa.org/player/819
Pawłowski Dariusz,https://fantasy.ekstraklasa.org/player/653
Pałaszewski Maciej,https://fantasy.ekstraklasa.org/player/321
Pekhart Tomas,https://fantasy.ekstraklasa.org/player/1362
Pestka Kamil,https://fantasy.ekstraklasa.org/player/10
Petk Adrian,https://fantasy.ekstraklasa.org/player/1295
Petrášek Tomáš,https://fantasy.ekstraklasa.org/player/1259
Peškovič Michal,https://fantasy.ekstraklasa.org/player/100
Piasecki Fabian,https://fantasy.ekstraklasa.org/player/942
Pich Róbert,https://fantasy.ekstraklasa.org/player/322
Pietrzak Rafał,https://fantasy.ekstraklasa.org/player/361
Pieńczak Mateusz,https://fantasy.ekstraklasa.org/player/1184
Pik Daniel,https://fantasy.ekstraklasa.org/player/806
Pindroch Branislav,https://fantasy.ekstraklasa.org/player/1489
Piszczek Filip,https://fantasy.ekstraklasa.org/player/625
Pituła Dorian,https://fantasy.ekstraklasa.org/player/1468
Piątkowski Kamil,https://fantasy.ekstraklasa.org/player/1126
Plach František,https://fantasy.ekstraklasa.org/player/790
Plewka Patryk,https://fantasy.ekstraklasa.org/player/1043
Podstawski Tomás,https://fantasy.ekstraklasa.org/player/1076
Polaček Martin,https://fantasy.ekstraklasa.org/player/383
Poletanovič Marko,https://fantasy.ekstraklasa.org/player/1091
Poprawa Konrad,https://fantasy.ekstraklasa.org/player/769
Poręba Łukasz,https://fantasy.ekstraklasa.org/player/1088
Pospíšil Martin,https://fantasy.ekstraklasa.org/player/713
Praszelik Mateusz,https://fantasy.ekstraklasa.org/player/1136
Prikryl Tomáš,https://fantasy.ekstraklasa.org/player/1287
Primel Damian,https://fantasy.ekstraklasa.org/player/1434
Prochazka Roman,https://fantasy.ekstraklasa.org/player/1348
Prokić Andreja,https://fantasy.ekstraklasa.org/player/1446
Puchacz Tymoteusz,https://fantasy.ekstraklasa.org/player/556
Puerto Israel,https://fantasy.ekstraklasa.org/player/1272
Puljić Jakov,https://fantasy.ekstraklasa.org/player/1351
Putnocký Matúš,https://fantasy.ekstraklasa.org/player/133
Pyrdoł Piotr,https://fantasy.ekstraklasa.org/player/1232
Pyrka Arkadiusz,https://fantasy.ekstraklasa.org/player/1480
Rakowiecki Michał,https://fantasy.ekstraklasa.org/player/1245
Ramírez Dani,https://fantasy.ekstraklasa.org/player/1233
Rasak Damian,https://fantasy.ekstraklasa.org/player/705
Ratajczyk Adam,https://fantasy.ekstraklasa.org/player/1234
Rocha Luís,https://fantasy.ekstraklasa.org/player/1113
Rodin Matej,https://fantasy.ekstraklasa.org/player/1545
Rodrigues de Souza Thiago,https://fantasy.ekstraklasa.org/player/1331
Rodríguez Julio,https://fantasy.ekstraklasa.org/player/1559
Rodríguez Mario,https://fantasy.ekstraklasa.org/player/1548
Roginić Marko,https://fantasy.ekstraklasa.org/player/1432
Rogne Thomas,https://fantasy.ekstraklasa.org/player/783
Rogoziński Kacper,https://fantasy.ekstraklasa.org/player/1593
Romanczuk Taras,https://fantasy.ekstraklasa.org/player/86
Rostkowski Michał,https://fantasy.ekstraklasa.org/player/1196
Rundić Milan,https://fantasy.ekstraklasa.org/player/1506
Runje Ivan,https://fantasy.ekstraklasa.org/player/65
Rybicki Mariusz,https://fantasy.ekstraklasa.org/player/121
Ryczkowski Adam,https://fantasy.ekstraklasa.org/player/989
Rymaniak Bartosz,https://fantasy.ekstraklasa.org/player/107
Rzeźniczak Jakub,https://fantasy.ekstraklasa.org/player/202
Rzuchowski Michał,https://fantasy.ekstraklasa.org/player/1425
Râpă Cornel,https://fantasy.ekstraklasa.org/player/508
Sadiković Damir,https://fantasy.ekstraklasa.org/player/1555
Sadlok Maciej,https://fantasy.ekstraklasa.org/player/362
Sadłocha Kacper,https://fantasy.ekstraklasa.org/player/1449
Saief Kenny,https://fantasy.ekstraklasa.org/player/1367
Salamon Bartosz,https://fantasy.ekstraklasa.org/player/1574
Samiec-Talar Piotr,https://fantasy.ekstraklasa.org/player/1092
Santos Matheus,https://fantasy.ekstraklasa.org/player/1084
Sapała Igor,https://fantasy.ekstraklasa.org/player/245
Savić Stefan,https://fantasy.ekstraklasa.org/player/1495
Scalet Mathieu,https://fantasy.ekstraklasa.org/player/773
Schwarz Petr,https://fantasy.ekstraklasa.org/player/1268
Seweryn Łukasz,https://fantasy.ekstraklasa.org/player/1441
Sheridan Cillian,https://fantasy.ekstraklasa.org/player/576
Sielewski Bartłomiej,https://fantasy.ekstraklasa.org/player/445
Sieracki Konrad,https://fantasy.ekstraklasa.org/player/1426
Sierpina Łukasz,https://fantasy.ekstraklasa.org/player/1427
Silva Jean Carlos,https://fantasy.ekstraklasa.org/player/1299
Siplak Michal,https://fantasy.ekstraklasa.org/player/720
Sirk Rok,https://fantasy.ekstraklasa.org/player/1284
Sitek Maksymilian,https://fantasy.ekstraklasa.org/player/1525
Skibicki Kacper,https://fantasy.ekstraklasa.org/player/1219
Skrzyniak Adrian,https://fantasy.ekstraklasa.org/player/1442
Skóraś Michał,https://fantasy.ekstraklasa.org/player/1213
Slisz Bartosz,https://fantasy.ekstraklasa.org/player/574
Smajdor Karol,https://fantasy.ekstraklasa.org/player/1591
Smoliński Kacper,https://fantasy.ekstraklasa.org/player/1251
Smykowski Dominik,https://fantasy.ekstraklasa.org/player/1463
Sobczyk Alex,https://fantasy.ekstraklasa.org/player/1472
Sobol Hubert,https://fantasy.ekstraklasa.org/player/1096
Sobota Waldemar,https://fantasy.ekstraklasa.org/player/1492
Sokołowski Patryk,https://fantasy.ekstraklasa.org/player/1012
Sopoćko Mateusz,https://fantasy.ekstraklasa.org/player/1049
Spychała Mateusz,https://fantasy.ekstraklasa.org/player/1199
Stanek Karol,https://fantasy.ekstraklasa.org/player/1081
Starzyński Filip,https://fantasy.ekstraklasa.org/player/399
Starzyński Piotr,https://fantasy.ekstraklasa.org/player/1603
Stasik Szymon,https://fantasy.ekstraklasa.org/player/1447
Stawiarz Aleksander,https://fantasy.ekstraklasa.org/player/1359
Stec David,https://fantasy.ekstraklasa.org/player/1016
Steczyk Dominik,https://fantasy.ekstraklasa.org/player/1292
Stipica Dante,https://fantasy.ekstraklasa.org/player/1247
Stoch Miroslav,https://fantasy.ekstraklasa.org/player/1604
Stolarski Paweł,https://fantasy.ekstraklasa.org/player/168
Strózik Sebastian,https://fantasy.ekstraklasa.org/player/776
Strączek Rafał,https://fantasy.ekstraklasa.org/player/1435
Studnicki Michał,https://fantasy.ekstraklasa.org/player/1428
Supryn Mateusz,https://fantasy.ekstraklasa.org/player/1323
Sus Martin,https://fantasy.ekstraklasa.org/player/1542
Sypek Jakub,https://fantasy.ekstraklasa.org/player/1398
Szczepański Miłosz,https://fantasy.ekstraklasa.org/player/816
Szczerbal Dariusz,https://fantasy.ekstraklasa.org/player/1023
Szczutowski Adrian,https://fantasy.ekstraklasa.org/player/1508
Szelągowski Daniel,https://fantasy.ekstraklasa.org/player/1203
Szmatuła Jakub,https://fantasy.ekstraklasa.org/player/224
Szmyt Kajetan,https://fantasy.ekstraklasa.org/player/1464
Szot Dawid,https://fantasy.ekstraklasa.org/player/1152
Szota Serafin,https://fantasy.ekstraklasa.org/player/830
Szpakowski Marcin,https://fantasy.ekstraklasa.org/player/1383
Szramowski Łukasz,https://fantasy.ekstraklasa.org/player/1592
Szromnik Michał,https://fantasy.ekstraklasa.org/player/1493
Szumilas Wojciech,https://fantasy.ekstraklasa.org/player/1502
Szwoch Mateusz,https://fantasy.ekstraklasa.org/player/431
Szymański Karol,https://fantasy.ekstraklasa.org/player/1001
Szymczak Filip,https://fantasy.ekstraklasa.org/player/1214
Szymonowicz Dawid,https://fantasy.ekstraklasa.org/player/88
Szysz Patryk,https://fantasy.ekstraklasa.org/player/1128
Szywacz Wiktor,https://fantasy.ekstraklasa.org/player/1567
Sýkora Jan,https://fantasy.ekstraklasa.org/player/1532
Tamas Mark,https://fantasy.ekstraklasa.org/player/1368
Tiba Pedro,https://fantasy.ekstraklasa.org/player/1000
Tijanić David,https://fantasy.ekstraklasa.org/player/1340
Tiru Bogdan,https://fantasy.ekstraklasa.org/player/1355
Tobers Kristers,https://fantasy.ekstraklasa.org/player/1335
Tokarski Adrian,https://fantasy.ekstraklasa.org/player/1503
Tomasiewicz Grzegorz,https://fantasy.ekstraklasa.org/player/432
Tomasik Piotr,https://fantasy.ekstraklasa.org/player/69
Toporkiewicz Krzysztof,https://fantasy.ekstraklasa.org/player/1326
Trałka Łukasz,https://fantasy.ekstraklasa.org/player/154
Trelowski Kacper,https://fantasy.ekstraklasa.org/player/1490
Triantafyllópoulos Kóstas,https://fantasy.ekstraklasa.org/player/1249
Tudor Fran,https://fantasy.ekstraklasa.org/player/1341
Turgeman Alon,https://fantasy.ekstraklasa.org/player/1353
Turski Hubert,https://fantasy.ekstraklasa.org/player/1388
Tuszyński Patryk,https://fantasy.ekstraklasa.org/player/755
Twardek Kris,https://fantasy.ekstraklasa.org/player/1557
Ubbink Desley,https://fantasy.ekstraklasa.org/player/1429
Udovičić Žarko,https://fantasy.ekstraklasa.org/player/958
Urbańczyk Maciej,https://fantasy.ekstraklasa.org/player/299
Urbański Kacper,https://fantasy.ekstraklasa.org/player/1327
Uryga Alan,https://fantasy.ekstraklasa.org/player/374
Valencia Joel,https://fantasy.ekstraklasa.org/player/742
van Amersfoort Pelle,https://fantasy.ekstraklasa.org/player/1187
van der Hart Mickey,https://fantasy.ekstraklasa.org/player/1207
Vestenický Tomáš,https://fantasy.ekstraklasa.org/player/31
Vešović Marko,https://fantasy.ekstraklasa.org/player/788
Vida Kristopher,https://fantasy.ekstraklasa.org/player/1374
Vikri Egy Maulana,https://fantasy.ekstraklasa.org/player/1047
Wachowiak Krystian,https://fantasy.ekstraklasa.org/player/1610
Wdowik Bartłomiej,https://fantasy.ekstraklasa.org/player/1363
Wieteska Mateusz,https://fantasy.ekstraklasa.org/player/491
Wilk Adam,https://fantasy.ekstraklasa.org/player/5
Wilusz Maciej,https://fantasy.ekstraklasa.org/player/142
Winciersz Mateusz,https://fantasy.ekstraklasa.org/player/1583
Wiśniewski Michał,https://fantasy.ekstraklasa.org/player/986
Wiśniewski Przemysław,https://fantasy.ekstraklasa.org/player/992
Wojciechowski Mateusz,https://fantasy.ekstraklasa.org/player/1465
Wojtkowski Kamil,https://fantasy.ekstraklasa.org/player/706
Wojtuszek Norbert,https://fantasy.ekstraklasa.org/player/1540
Wolski Rafał,https://fantasy.ekstraklasa.org/player/184
Wrąbel Jakub,https://fantasy.ekstraklasa.org/player/691
Wszołek Paweł,https://fantasy.ekstraklasa.org/player/1319
Wyjadłowski Mateusz,https://fantasy.ekstraklasa.org/player/1510
Wójcicki Jakub,https://fantasy.ekstraklasa.org/player/14
Wójcik Oskar,https://fantasy.ekstraklasa.org/player/1569
Wędrychowski Marcel,https://fantasy.ekstraklasa.org/player/1252
Węglarz Damian,https://fantasy.ekstraklasa.org/player/57
Włodarczyk Szymon,https://fantasy.ekstraklasa.org/player/1406
Yeboah Yaw,https://fantasy.ekstraklasa.org/player/1513
Zachciał Michał,https://fantasy.ekstraklasa.org/player/1606
Zahovič Luka,https://fantasy.ekstraklasa.org/player/1553
Zaucha Patryk,https://fantasy.ekstraklasa.org/player/1188
Zawada Oskar,https://fantasy.ekstraklasa.org/player/795
Zbozień Damian,https://fantasy.ekstraklasa.org/player/391
Zdybowicz Przemysław,https://fantasy.ekstraklasa.org/player/1311
Zech Benedikt,https://fantasy.ekstraklasa.org/player/1250
Ziewiec Jan,https://fantasy.ekstraklasa.org/player/1599
Zjawiński Łukasz,https://fantasy.ekstraklasa.org/player/1507
Zwoliński Łukasz,https://fantasy.ekstraklasa.org/player/279
Zylla Marcel,https://fantasy.ekstraklasa.org/player/1544
Zynek Bartosz,https://fantasy.ekstraklasa.org/player/1607
Álvarez Marcos,https://fantasy.ekstraklasa.org/player/1470
Černych Fedor,https://fantasy.ekstraklasa.org/player/71
Łakomy Łukasz,https://fantasy.ekstraklasa.org/player/1589
Łasicki Igor,https://fantasy.ekstraklasa.org/player/723
Ławniczak Aleks,https://fantasy.ekstraklasa.org/player/1455
Łyszczarz Adrian,https://fantasy.ekstraklasa.org/player/583
Łęgowski Mateusz,https://fantasy.ekstraklasa.org/player/1598
Ściślak Daniel,https://fantasy.ekstraklasa.org/player/1305
Świerczok Jakub,https://fantasy.ekstraklasa.org/player/700
Šatka Ľubomír,https://fantasy.ekstraklasa.org/player/1209
Šimić Lorenco,https://fantasy.ekstraklasa.org/player/1523
Šteinbors Pavels,https://fantasy.ekstraklasa.org/player/412
Štiglec Dino,https://fantasy.ekstraklasa.org/player/1273
Šušnjara Luka,https://fantasy.ekstraklasa.org/player/1595
Żubrowski Jakub,https://fantasy.ekstraklasa.org/player/531
Żukow Gieorgij,https://fantasy.ekstraklasa.org/player/1325
Żukowski Mateusz,https://fantasy.ekstraklasa.org/player/777
Żurawski Maciej,https://fantasy.ekstraklasa.org/player/1121
Żurek Marcel,https://fantasy.ekstraklasa.org/player/1533
Żyro Mateusz,https://fantasy.ekstraklasa.org/player/813
Żyro Michał,https://fantasy.ekstraklasa.org/player/1085
Živec Saša,https://fantasy.ekstraklasa.org/player/248
Żukow Gieorgij,https://fantasy.ekstraklasa.org/player/1325
Żukowski Mateusz,https://fantasy.ekstraklasa.org/player/777
Żurawski Maciej,https://fantasy.ekstraklasa.org/player/1121
Żurek Marcel,https://fantasy.ekstraklasa.org/player/1533
Żyro Mateusz,https://fantasy.ekstraklasa.org/player/813
Żyro Michał,https://fantasy.ekstraklasa.org/player/1085
Živec Saša,https://fantasy.ekstraklasa.org/player/248
